MATFileName,trial_index_EDfile,video_trial_number
t3201ee.1.mat,1,1
t3201ee.1.mat,2,2
t3201ee.1.mat,3,3
t3201ee.1.mat,4,4
t3201ee.1.mat,5,5
t3201ee.1.mat,6,6
t3201ee.1.mat,7,7
t3201ee.1.mat,8,8
t3201ee.1.mat,9,9
t3201ee.1.mat,10,10
t3201ee.1.mat,11,11
t3201ee.1.mat,12,12
t3201ee.1.mat,13,13
t3201ee.1.mat,14,14
t3201ee.1.mat,15,15
t3201ee.1.mat,16,16
t3201ee.1.mat,17,17
t3201ee.1.mat,18,18
t3201ee.1.mat,19,19
t3201ee.1.mat,20,20
t3201ee.1.mat,21,21
t3201ee.1.mat,22,22
t3201ee.1.mat,23,23
t3201ee.1.mat,24,24
t3201ee.1.mat,25,25
t3201ee.1.mat,26,26
t3201ee.1.mat,27,27
t3201ee.1.mat,28,28
t3201ee.1.mat,29,29
t3201ee.1.mat,30,30
t3201ee.1.mat,31,31
t3201ee.1.mat,32,32
t3201ee.1.mat,33,33
t3201ee.1.mat,34,34
t3201ee.1.mat,35,35
t3201ee.1.mat,36,36
t3201ee.1.mat,37,37
t3201ee.1.mat,38,38
t3201ee.1.mat,39,39
t3201ee.1.mat,40,40
t3201ee.1.mat,41,41
t3201ee.1.mat,42,42
t3201ee.1.mat,43,43
t3201ee.1.mat,44,44
t3201ee.1.mat,45,45
t3201ee.1.mat,46,46
t3201ee.1.mat,47,47
t3201ee.1.mat,48,48
t3201ee.1.mat,49,49
t3201ee.1.mat,50,50
t3201ee.1.mat,51,51
t3201ee.1.mat,52,52
t3201ee.1.mat,53,53
t3201ee.1.mat,54,54
t3201ee.1.mat,55,55
t3201ee.1.mat,56,56
t3201ee.1.mat,57,57
t3201ee.1.mat,58,58
t3201ee.1.mat,59,59
t3201ee.1.mat,60,60
t3201ee.1.mat,61,61
t3201ee.1.mat,62,62
t3201ee.1.mat,63,63
t3201ee.1.mat,64,64
t3201ee.1.mat,65,65
t3201ee.1.mat,66,66
t3201ee.1.mat,67,67
t3201ee.1.mat,68,68
t3201ee.1.mat,69,69
t3201ee.1.mat,70,70
t3201ee.1.mat,71,71
t3201ee.1.mat,72,72
t3201ee.1.mat,73,73
t3201ee.1.mat,74,74
t3201ee.1.mat,75,75
t3201ee.1.mat,76,76
t3201ee.1.mat,77,77
t3201ee.1.mat,78,78
t3201ee.1.mat,79,79
t3201ee.1.mat,80,80
t3201ee.1.mat,81,81
t3201ee.1.mat,82,82
t3201ee.1.mat,83,83
t3201ee.1.mat,84,84
t3201ee.1.mat,85,85
t3201ee.1.mat,86,86
t3201ee.1.mat,87,87
t3201ee.1.mat,88,88
t3201ee.1.mat,89,89
t3201ee.1.mat,90,90
t3201ee.1.mat,91,91
t3201ee.1.mat,92,92
t3201ee.1.mat,93,93
t3201ee.1.mat,94,94
t3201ee.1.mat,95,95
t3201ee.1.mat,96,96
t3201ee.1.mat,97,97
t3201ee.1.mat,98,98
t3201ee.1.mat,99,99
t3201ee.1.mat,100,100
t3201ee.1.mat,101,101
t3201ee.1.mat,102,102
t3201ee.1.mat,103,103
t3201ee.1.mat,104,104
t3201ee.1.mat,105,105
t3201ee.1.mat,106,106
t3201ee.1.mat,107,107
t3201ee.1.mat,108,108
t3201ee.1.mat,109,109
t3201ee.1.mat,110,110
t3201ee.1.mat,111,111
t3201ee.1.mat,112,112
t3201ee.1.mat,113,113
t3201ee.1.mat,114,114
t3201ee.1.mat,115,115
t3201ee.1.mat,116,116
t3201ee.1.mat,117,NaN
t3201ee.10.mat,1,809
t3201ee.10.mat,2,810
t3201ee.10.mat,3,811
t3201ee.10.mat,4,812
t3201ee.10.mat,5,813
t3201ee.10.mat,6,814
t3201ee.10.mat,7,815
t3201ee.10.mat,8,816
t3201ee.10.mat,9,817
t3201ee.10.mat,10,818
t3201ee.10.mat,11,819
t3201ee.10.mat,12,820
t3201ee.10.mat,13,821
t3201ee.10.mat,14,822
t3201ee.10.mat,15,823
t3201ee.10.mat,16,824
t3201ee.10.mat,17,825
t3201ee.10.mat,18,826
t3201ee.10.mat,19,827
t3201ee.10.mat,20,828
t3201ee.10.mat,21,829
t3201ee.10.mat,22,830
t3201ee.10.mat,23,831
t3201ee.10.mat,24,832
t3201ee.10.mat,25,NaN
t3201ee.10.mat,26,NaN
t3201ee.10.mat,27,834
t3201ee.10.mat,28,835
t3201ee.10.mat,29,836
t3201ee.10.mat,30,837
t3201ee.10.mat,31,838
t3201ee.10.mat,32,839
t3201ee.10.mat,33,840
t3201ee.10.mat,34,841
t3201ee.10.mat,35,842
t3201ee.10.mat,36,843
t3201ee.10.mat,37,844
t3201ee.10.mat,38,845
t3201ee.10.mat,39,846
t3201ee.10.mat,40,847
t3201ee.10.mat,41,848
t3201ee.10.mat,42,849
t3201ee.10.mat,43,850
t3201ee.10.mat,44,851
t3201ee.10.mat,45,852
t3201ee.10.mat,46,853
t3201ee.10.mat,47,854
t3201ee.10.mat,48,855
t3201ee.10.mat,49,856
t3201ee.10.mat,50,857
t3201ee.10.mat,51,NaN
t3201ee.11.mat,1,858
t3201ee.11.mat,2,859
t3201ee.11.mat,3,860
t3201ee.11.mat,4,861
t3201ee.11.mat,5,862
t3201ee.11.mat,6,863
t3201ee.11.mat,7,864
t3201ee.11.mat,8,865
t3201ee.11.mat,9,NaN
t3201ee.11.mat,10,867
t3201ee.11.mat,11,NaN
t3201ee.11.mat,12,869
t3201ee.11.mat,13,870
t3201ee.11.mat,14,871
t3201ee.11.mat,15,872
t3201ee.11.mat,16,873
t3201ee.11.mat,17,874
t3201ee.11.mat,18,875
t3201ee.11.mat,19,876
t3201ee.11.mat,20,877
t3201ee.11.mat,21,878
t3201ee.11.mat,22,879
t3201ee.11.mat,23,880
t3201ee.11.mat,24,881
t3201ee.11.mat,25,882
t3201ee.11.mat,26,883
t3201ee.11.mat,27,884
t3201ee.11.mat,28,885
t3201ee.11.mat,29,886
t3201ee.11.mat,30,887
t3201ee.11.mat,31,888
t3201ee.11.mat,32,889
t3201ee.11.mat,33,890
t3201ee.11.mat,34,891
t3201ee.11.mat,35,892
t3201ee.11.mat,36,893
t3201ee.11.mat,37,894
t3201ee.11.mat,38,895
t3201ee.11.mat,39,896
t3201ee.11.mat,40,897
t3201ee.11.mat,41,898
t3201ee.11.mat,42,899
t3201ee.11.mat,43,900
t3201ee.11.mat,44,901
t3201ee.11.mat,45,902
t3201ee.11.mat,46,903
t3201ee.11.mat,47,904
t3201ee.11.mat,48,905
t3201ee.11.mat,49,906
t3201ee.11.mat,50,907
t3201ee.11.mat,51,908
t3201ee.11.mat,52,909
t3201ee.11.mat,53,910
t3201ee.11.mat,54,911
t3201ee.11.mat,55,912
t3201ee.11.mat,56,913
t3201ee.11.mat,57,914
t3201ee.11.mat,58,915
t3201ee.11.mat,59,916
t3201ee.11.mat,60,917
t3201ee.11.mat,61,918
t3201ee.11.mat,62,919
t3201ee.11.mat,63,920
t3201ee.11.mat,64,921
t3201ee.11.mat,65,922
t3201ee.11.mat,66,923
t3201ee.11.mat,67,924
t3201ee.11.mat,68,925
t3201ee.11.mat,69,926
t3201ee.11.mat,70,927
t3201ee.11.mat,71,928
t3201ee.11.mat,72,929
t3201ee.11.mat,73,930
t3201ee.11.mat,74,931
t3201ee.11.mat,75,932
t3201ee.11.mat,76,933
t3201ee.11.mat,77,934
t3201ee.11.mat,78,935
t3201ee.11.mat,79,936
t3201ee.11.mat,80,937
t3201ee.11.mat,81,938
t3201ee.11.mat,82,939
t3201ee.11.mat,83,940
t3201ee.11.mat,84,941
t3201ee.11.mat,85,942
t3201ee.11.mat,86,943
t3201ee.11.mat,87,944
t3201ee.11.mat,88,945
t3201ee.11.mat,89,946
t3201ee.11.mat,90,947
t3201ee.11.mat,91,948
t3201ee.11.mat,92,949
t3201ee.11.mat,93,950
t3201ee.11.mat,94,951
t3201ee.11.mat,95,952
t3201ee.11.mat,96,953
t3201ee.11.mat,97,954
t3201ee.11.mat,98,955
t3201ee.11.mat,99,956
t3201ee.11.mat,100,957
t3201ee.11.mat,101,958
t3201ee.11.mat,102,959
t3201ee.11.mat,103,960
t3201ee.11.mat,104,961
t3201ee.11.mat,105,962
t3201ee.11.mat,106,963
t3201ee.11.mat,107,964
t3201ee.11.mat,108,965
t3201ee.11.mat,109,966
t3201ee.11.mat,110,967
t3201ee.11.mat,111,968
t3201ee.11.mat,112,969
t3201ee.11.mat,113,970
t3201ee.11.mat,114,971
t3201ee.11.mat,115,972
t3201ee.11.mat,116,973
t3201ee.11.mat,117,974
t3201ee.11.mat,118,975
t3201ee.11.mat,119,976
t3201ee.11.mat,120,977
t3201ee.11.mat,121,978
t3201ee.11.mat,122,979
t3201ee.11.mat,123,980
t3201ee.11.mat,124,981
t3201ee.11.mat,125,NaN
t3201ee.12.mat,1,982
t3201ee.12.mat,2,983
t3201ee.12.mat,3,984
t3201ee.12.mat,4,985
t3201ee.12.mat,5,986
t3201ee.12.mat,6,987
t3201ee.12.mat,7,988
t3201ee.12.mat,8,989
t3201ee.12.mat,9,990
t3201ee.12.mat,10,991
t3201ee.12.mat,11,992
t3201ee.12.mat,12,993
t3201ee.12.mat,13,994
t3201ee.12.mat,14,NaN
t3201ee.12.mat,15,996
t3201ee.12.mat,16,997
t3201ee.12.mat,17,998
t3201ee.12.mat,18,999
t3201ee.12.mat,19,1000
t3201ee.12.mat,20,1001
t3201ee.12.mat,21,1002
t3201ee.12.mat,22,1003
t3201ee.12.mat,23,1004
t3201ee.12.mat,24,1005
t3201ee.12.mat,25,1006
t3201ee.12.mat,26,1007
t3201ee.12.mat,27,1008
t3201ee.12.mat,28,1009
t3201ee.12.mat,29,1010
t3201ee.12.mat,30,1011
t3201ee.12.mat,31,1012
t3201ee.12.mat,32,1013
t3201ee.12.mat,33,1014
t3201ee.12.mat,34,1015
t3201ee.12.mat,35,1016
t3201ee.12.mat,36,1017
t3201ee.12.mat,37,1018
t3201ee.12.mat,38,1019
t3201ee.12.mat,39,1020
t3201ee.12.mat,40,1021
t3201ee.12.mat,41,NaN
t3201ee.13.mat,1,1022
t3201ee.13.mat,2,1023
t3201ee.13.mat,3,1024
t3201ee.13.mat,4,1025
t3201ee.13.mat,5,1026
t3201ee.13.mat,6,1027
t3201ee.13.mat,7,1028
t3201ee.13.mat,8,1029
t3201ee.13.mat,9,1030
t3201ee.13.mat,10,1031
t3201ee.13.mat,11,1032
t3201ee.13.mat,12,1033
t3201ee.13.mat,13,1034
t3201ee.13.mat,14,1035
t3201ee.13.mat,15,1036
t3201ee.13.mat,16,1037
t3201ee.13.mat,17,1038
t3201ee.13.mat,18,1039
t3201ee.13.mat,19,1040
t3201ee.13.mat,20,1041
t3201ee.13.mat,21,1042
t3201ee.13.mat,22,1043
t3201ee.13.mat,23,1044
t3201ee.13.mat,24,1045
t3201ee.13.mat,25,1046
t3201ee.13.mat,26,1047
t3201ee.13.mat,27,1048
t3201ee.13.mat,28,1049
t3201ee.13.mat,29,1050
t3201ee.13.mat,30,1051
t3201ee.13.mat,31,1052
t3201ee.13.mat,32,1053
t3201ee.13.mat,33,1054
t3201ee.13.mat,34,1055
t3201ee.13.mat,35,1056
t3201ee.13.mat,36,1057
t3201ee.13.mat,37,1058
t3201ee.13.mat,38,1059
t3201ee.13.mat,39,1060
t3201ee.13.mat,40,1061
t3201ee.13.mat,41,1062
t3201ee.13.mat,42,1063
t3201ee.13.mat,43,1064
t3201ee.13.mat,44,1065
t3201ee.13.mat,45,1066
t3201ee.13.mat,46,1067
t3201ee.13.mat,47,1068
t3201ee.13.mat,48,1069
t3201ee.13.mat,49,1070
t3201ee.13.mat,50,1071
t3201ee.13.mat,51,1072
t3201ee.13.mat,52,NaN
t3201ee.14.mat,1,1073
t3201ee.14.mat,2,1074
t3201ee.14.mat,3,1075
t3201ee.14.mat,4,1076
t3201ee.14.mat,5,1077
t3201ee.14.mat,6,1078
t3201ee.14.mat,7,1079
t3201ee.14.mat,8,1080
t3201ee.14.mat,9,1081
t3201ee.14.mat,10,1082
t3201ee.14.mat,11,1083
t3201ee.14.mat,12,1084
t3201ee.14.mat,13,1085
t3201ee.14.mat,14,1086
t3201ee.14.mat,15,1087
t3201ee.14.mat,16,1088
t3201ee.14.mat,17,1089
t3201ee.14.mat,18,1090
t3201ee.14.mat,19,1091
t3201ee.14.mat,20,1092
t3201ee.14.mat,21,1093
t3201ee.14.mat,22,1094
t3201ee.14.mat,23,1095
t3201ee.14.mat,24,1096
t3201ee.14.mat,25,1097
t3201ee.14.mat,26,1098
t3201ee.14.mat,27,1099
t3201ee.14.mat,28,1100
t3201ee.14.mat,29,1101
t3201ee.14.mat,30,1102
t3201ee.14.mat,31,1103
t3201ee.14.mat,32,1104
t3201ee.14.mat,33,1105
t3201ee.14.mat,34,1106
t3201ee.14.mat,35,1107
t3201ee.14.mat,36,1108
t3201ee.14.mat,37,1109
t3201ee.14.mat,38,1110
t3201ee.14.mat,39,1111
t3201ee.14.mat,40,1112
t3201ee.14.mat,41,1113
t3201ee.14.mat,42,1114
t3201ee.14.mat,43,1115
t3201ee.14.mat,44,1116
t3201ee.14.mat,45,1117
t3201ee.14.mat,46,1118
t3201ee.14.mat,47,1119
t3201ee.14.mat,48,1120
t3201ee.14.mat,49,1121
t3201ee.14.mat,50,1122
t3201ee.14.mat,51,1123
t3201ee.14.mat,52,1124
t3201ee.14.mat,53,1125
t3201ee.14.mat,54,1126
t3201ee.14.mat,55,1127
t3201ee.14.mat,56,1128
t3201ee.14.mat,57,1129
t3201ee.14.mat,58,1130
t3201ee.14.mat,59,1131
t3201ee.14.mat,60,1132
t3201ee.14.mat,61,1133
t3201ee.14.mat,62,1134
t3201ee.14.mat,63,1135
t3201ee.14.mat,64,1136
t3201ee.14.mat,65,1137
t3201ee.14.mat,66,1138
t3201ee.14.mat,67,1139
t3201ee.14.mat,68,1140
t3201ee.14.mat,69,1141
t3201ee.14.mat,70,1142
t3201ee.14.mat,71,1143
t3201ee.14.mat,72,1144
t3201ee.14.mat,73,1145
t3201ee.14.mat,74,1146
t3201ee.14.mat,75,1147
t3201ee.14.mat,76,1148
t3201ee.14.mat,77,1149
t3201ee.14.mat,78,1150
t3201ee.14.mat,79,1151
t3201ee.14.mat,80,1152
t3201ee.14.mat,81,1153
t3201ee.14.mat,82,1154
t3201ee.14.mat,83,1155
t3201ee.14.mat,84,1156
t3201ee.14.mat,85,1157
t3201ee.14.mat,86,1158
t3201ee.14.mat,87,1159
t3201ee.14.mat,88,1160
t3201ee.14.mat,89,1161
t3201ee.14.mat,90,1162
t3201ee.14.mat,91,1163
t3201ee.14.mat,92,1164
t3201ee.14.mat,93,1165
t3201ee.14.mat,94,1166
t3201ee.14.mat,95,1167
t3201ee.14.mat,96,1168
t3201ee.14.mat,97,1169
t3201ee.14.mat,98,1170
t3201ee.14.mat,99,1171
t3201ee.14.mat,100,1172
t3201ee.14.mat,101,1173
t3201ee.14.mat,102,1174
t3201ee.14.mat,103,1175
t3201ee.14.mat,104,NaN
t3201ee.14.mat,105,1177
t3201ee.14.mat,106,1178
t3201ee.14.mat,107,1179
t3201ee.14.mat,108,1180
t3201ee.14.mat,109,1181
t3201ee.14.mat,110,1182
t3201ee.14.mat,111,1183
t3201ee.14.mat,112,NaN
t3201ee.14.mat,113,1185
t3201ee.14.mat,114,1186
t3201ee.14.mat,115,1187
t3201ee.14.mat,116,1188
t3201ee.14.mat,117,1189
t3201ee.14.mat,118,1190
t3201ee.14.mat,119,1191
t3201ee.14.mat,120,1192
t3201ee.14.mat,121,1193
t3201ee.14.mat,122,1194
t3201ee.14.mat,123,1195
t3201ee.14.mat,124,1196
t3201ee.14.mat,125,1197
t3201ee.14.mat,126,1198
t3201ee.14.mat,127,1199
t3201ee.14.mat,128,1200
t3201ee.14.mat,129,1201
t3201ee.14.mat,130,1202
t3201ee.14.mat,131,1203
t3201ee.14.mat,132,1204
t3201ee.14.mat,133,1205
t3201ee.14.mat,134,1206
t3201ee.14.mat,135,1207
t3201ee.14.mat,136,1208
t3201ee.14.mat,137,1209
t3201ee.14.mat,138,1210
t3201ee.14.mat,139,1211
t3201ee.14.mat,140,1212
t3201ee.14.mat,141,1213
t3201ee.14.mat,142,1214
t3201ee.14.mat,143,1215
t3201ee.14.mat,144,1216
t3201ee.14.mat,145,1217
t3201ee.14.mat,146,1218
t3201ee.14.mat,147,1219
t3201ee.14.mat,148,1220
t3201ee.14.mat,149,NaN
t3201ee.15.mat,1,1221
t3201ee.15.mat,2,1222
t3201ee.15.mat,3,1223
t3201ee.15.mat,4,1224
t3201ee.15.mat,5,1225
t3201ee.15.mat,6,1226
t3201ee.15.mat,7,1227
t3201ee.15.mat,8,1228
t3201ee.15.mat,9,1229
t3201ee.15.mat,10,1230
t3201ee.15.mat,11,1231
t3201ee.15.mat,12,1232
t3201ee.15.mat,13,1233
t3201ee.15.mat,14,1234
t3201ee.15.mat,15,1235
t3201ee.15.mat,16,1236
t3201ee.15.mat,17,1237
t3201ee.15.mat,18,1238
t3201ee.15.mat,19,1239
t3201ee.15.mat,20,1240
t3201ee.15.mat,21,1241
t3201ee.15.mat,22,1242
t3201ee.15.mat,23,1243
t3201ee.15.mat,24,1244
t3201ee.15.mat,25,1245
t3201ee.15.mat,26,1246
t3201ee.15.mat,27,1247
t3201ee.15.mat,28,1248
t3201ee.15.mat,29,1249
t3201ee.15.mat,30,1250
t3201ee.15.mat,31,1251
t3201ee.15.mat,32,1252
t3201ee.15.mat,33,1253
t3201ee.15.mat,34,1254
t3201ee.15.mat,35,1255
t3201ee.15.mat,36,1256
t3201ee.15.mat,37,1257
t3201ee.15.mat,38,NaN
t3201ee.15.mat,39,1258
t3201ee.15.mat,40,1260
t3201ee.15.mat,41,1261
t3201ee.15.mat,42,1262
t3201ee.15.mat,43,1263
t3201ee.15.mat,44,1264
t3201ee.15.mat,45,NaN
t3201ee.15.mat,46,1266
t3201ee.15.mat,47,1267
t3201ee.15.mat,48,1268
t3201ee.15.mat,49,1269
t3201ee.15.mat,50,1270
t3201ee.15.mat,51,1271
t3201ee.15.mat,52,1272
t3201ee.15.mat,53,1273
t3201ee.15.mat,54,1274
t3201ee.15.mat,55,1275
t3201ee.15.mat,56,1276
t3201ee.15.mat,57,1277
t3201ee.15.mat,58,1278
t3201ee.15.mat,59,1279
t3201ee.15.mat,60,1280
t3201ee.15.mat,61,1281
t3201ee.15.mat,62,1282
t3201ee.15.mat,63,1283
t3201ee.15.mat,64,1284
t3201ee.15.mat,65,1285
t3201ee.15.mat,66,1286
t3201ee.15.mat,67,1287
t3201ee.15.mat,68,1288
t3201ee.15.mat,69,1289
t3201ee.15.mat,70,1290
t3201ee.15.mat,71,1291
t3201ee.15.mat,72,1292
t3201ee.15.mat,73,1293
t3201ee.15.mat,74,1294
t3201ee.15.mat,75,1295
t3201ee.15.mat,76,1296
t3201ee.15.mat,77,1297
t3201ee.15.mat,78,1298
t3201ee.15.mat,79,1299
t3201ee.15.mat,80,1300
t3201ee.15.mat,81,1301
t3201ee.15.mat,82,1302
t3201ee.15.mat,83,1303
t3201ee.15.mat,84,1304
t3201ee.15.mat,85,1305
t3201ee.15.mat,86,1306
t3201ee.15.mat,87,1307
t3201ee.15.mat,88,1308
t3201ee.15.mat,89,1309
t3201ee.15.mat,90,1310
t3201ee.15.mat,91,1311
t3201ee.15.mat,92,1312
t3201ee.15.mat,93,1313
t3201ee.15.mat,94,1314
t3201ee.15.mat,95,1315
t3201ee.15.mat,96,1316
t3201ee.15.mat,97,1317
t3201ee.15.mat,98,1318
t3201ee.15.mat,99,1319
t3201ee.15.mat,100,1320
t3201ee.15.mat,101,1321
t3201ee.15.mat,102,1322
t3201ee.15.mat,103,1323
t3201ee.15.mat,104,1324
t3201ee.15.mat,105,1325
t3201ee.15.mat,106,1326
t3201ee.15.mat,107,1327
t3201ee.15.mat,108,1328
t3201ee.15.mat,109,1329
t3201ee.15.mat,110,1330
t3201ee.15.mat,111,1331
t3201ee.15.mat,112,1332
t3201ee.15.mat,113,1333
t3201ee.15.mat,114,1334
t3201ee.15.mat,115,1335
t3201ee.15.mat,116,1336
t3201ee.15.mat,117,1337
t3201ee.15.mat,118,1338
t3201ee.15.mat,119,1339
t3201ee.15.mat,120,1340
t3201ee.15.mat,121,1341
t3201ee.2.mat,1,117
t3201ee.2.mat,2,118
t3201ee.2.mat,3,119
t3201ee.2.mat,4,120
t3201ee.2.mat,5,121
t3201ee.2.mat,6,122
t3201ee.2.mat,7,123
t3201ee.2.mat,8,124
t3201ee.2.mat,9,125
t3201ee.2.mat,10,126
t3201ee.2.mat,11,127
t3201ee.2.mat,12,128
t3201ee.2.mat,13,129
t3201ee.2.mat,14,130
t3201ee.2.mat,15,131
t3201ee.2.mat,16,132
t3201ee.2.mat,17,133
t3201ee.2.mat,18,134
t3201ee.2.mat,19,135
t3201ee.2.mat,20,136
t3201ee.2.mat,21,137
t3201ee.2.mat,22,138
t3201ee.2.mat,23,139
t3201ee.2.mat,24,140
t3201ee.2.mat,25,141
t3201ee.2.mat,26,142
t3201ee.2.mat,27,143
t3201ee.2.mat,28,144
t3201ee.2.mat,29,145
t3201ee.2.mat,30,146
t3201ee.2.mat,31,147
t3201ee.2.mat,32,148
t3201ee.2.mat,33,149
t3201ee.2.mat,34,150
t3201ee.2.mat,35,151
t3201ee.2.mat,36,152
t3201ee.2.mat,37,153
t3201ee.2.mat,38,154
t3201ee.2.mat,39,155
t3201ee.2.mat,40,156
t3201ee.2.mat,41,157
t3201ee.2.mat,42,158
t3201ee.2.mat,43,159
t3201ee.2.mat,44,160
t3201ee.2.mat,45,161
t3201ee.2.mat,46,NaN
t3201ee.3.mat,1,162
t3201ee.3.mat,2,163
t3201ee.3.mat,3,164
t3201ee.3.mat,4,165
t3201ee.3.mat,5,166
t3201ee.3.mat,6,167
t3201ee.3.mat,7,168
t3201ee.3.mat,8,169
t3201ee.3.mat,9,170
t3201ee.3.mat,10,171
t3201ee.3.mat,11,172
t3201ee.3.mat,12,173
t3201ee.3.mat,13,174
t3201ee.3.mat,14,175
t3201ee.3.mat,15,176
t3201ee.3.mat,16,177
t3201ee.3.mat,17,178
t3201ee.3.mat,18,179
t3201ee.3.mat,19,180
t3201ee.3.mat,20,181
t3201ee.3.mat,21,182
t3201ee.3.mat,22,183
t3201ee.3.mat,23,184
t3201ee.3.mat,24,185
t3201ee.3.mat,25,186
t3201ee.3.mat,26,187
t3201ee.3.mat,27,188
t3201ee.3.mat,28,189
t3201ee.3.mat,29,190
t3201ee.3.mat,30,191
t3201ee.3.mat,31,192
t3201ee.3.mat,32,193
t3201ee.3.mat,33,194
t3201ee.3.mat,34,195
t3201ee.3.mat,35,196
t3201ee.3.mat,36,197
t3201ee.3.mat,37,198
t3201ee.3.mat,38,199
t3201ee.3.mat,39,200
t3201ee.3.mat,40,201
t3201ee.3.mat,41,202
t3201ee.4.mat,1,203
t3201ee.4.mat,2,204
t3201ee.4.mat,3,205
t3201ee.4.mat,4,206
t3201ee.4.mat,5,207
t3201ee.4.mat,6,208
t3201ee.4.mat,7,209
t3201ee.4.mat,8,210
t3201ee.4.mat,9,211
t3201ee.4.mat,10,212
t3201ee.4.mat,11,213
t3201ee.4.mat,12,214
t3201ee.4.mat,13,215
t3201ee.4.mat,14,216
t3201ee.4.mat,15,217
t3201ee.4.mat,16,218
t3201ee.4.mat,17,219
t3201ee.4.mat,18,220
t3201ee.4.mat,19,221
t3201ee.4.mat,20,222
t3201ee.4.mat,21,223
t3201ee.4.mat,22,224
t3201ee.4.mat,23,225
t3201ee.4.mat,24,226
t3201ee.4.mat,25,227
t3201ee.4.mat,26,228
t3201ee.4.mat,27,229
t3201ee.4.mat,28,230
t3201ee.4.mat,29,231
t3201ee.4.mat,30,232
t3201ee.4.mat,31,233
t3201ee.4.mat,32,234
t3201ee.4.mat,33,235
t3201ee.4.mat,34,236
t3201ee.4.mat,35,237
t3201ee.4.mat,36,238
t3201ee.4.mat,37,239
t3201ee.4.mat,38,240
t3201ee.4.mat,39,241
t3201ee.4.mat,40,242
t3201ee.4.mat,41,243
t3201ee.4.mat,42,244
t3201ee.4.mat,43,245
t3201ee.4.mat,44,246
t3201ee.4.mat,45,247
t3201ee.4.mat,46,248
t3201ee.4.mat,47,249
t3201ee.4.mat,48,250
t3201ee.4.mat,49,251
t3201ee.4.mat,50,252
t3201ee.4.mat,51,253
t3201ee.4.mat,52,254
t3201ee.4.mat,53,255
t3201ee.4.mat,54,256
t3201ee.4.mat,55,257
t3201ee.4.mat,56,258
t3201ee.4.mat,57,259
t3201ee.4.mat,58,260
t3201ee.4.mat,59,261
t3201ee.4.mat,60,262
t3201ee.4.mat,61,263
t3201ee.4.mat,62,264
t3201ee.4.mat,63,265
t3201ee.4.mat,64,266
t3201ee.4.mat,65,267
t3201ee.4.mat,66,NaN
t3201ee.4.mat,67,269
t3201ee.4.mat,68,270
t3201ee.4.mat,69,271
t3201ee.4.mat,70,272
t3201ee.4.mat,71,273
t3201ee.4.mat,72,274
t3201ee.4.mat,73,275
t3201ee.4.mat,74,276
t3201ee.4.mat,75,277
t3201ee.4.mat,76,278
t3201ee.4.mat,77,279
t3201ee.4.mat,78,280
t3201ee.4.mat,79,281
t3201ee.4.mat,80,282
t3201ee.4.mat,81,283
t3201ee.4.mat,82,284
t3201ee.4.mat,83,285
t3201ee.4.mat,84,286
t3201ee.4.mat,85,287
t3201ee.4.mat,86,288
t3201ee.4.mat,87,289
t3201ee.4.mat,88,290
t3201ee.4.mat,89,291
t3201ee.4.mat,90,292
t3201ee.4.mat,91,293
t3201ee.4.mat,92,294
t3201ee.4.mat,93,295
t3201ee.4.mat,94,296
t3201ee.4.mat,95,297
t3201ee.4.mat,96,298
t3201ee.4.mat,97,299
t3201ee.4.mat,98,NaN
t3201ee.4.mat,99,301
t3201ee.4.mat,100,302
t3201ee.4.mat,101,303
t3201ee.4.mat,102,304
t3201ee.4.mat,103,305
t3201ee.4.mat,104,306
t3201ee.4.mat,105,307
t3201ee.4.mat,106,308
t3201ee.4.mat,107,309
t3201ee.4.mat,108,310
t3201ee.4.mat,109,311
t3201ee.4.mat,110,312
t3201ee.4.mat,111,313
t3201ee.4.mat,112,314
t3201ee.4.mat,113,315
t3201ee.4.mat,114,316
t3201ee.4.mat,115,317
t3201ee.4.mat,116,318
t3201ee.4.mat,117,319
t3201ee.4.mat,118,320
t3201ee.4.mat,119,321
t3201ee.4.mat,120,322
t3201ee.4.mat,121,323
t3201ee.4.mat,122,324
t3201ee.4.mat,123,325
t3201ee.4.mat,124,326
t3201ee.4.mat,125,327
t3201ee.4.mat,126,328
t3201ee.4.mat,127,329
t3201ee.4.mat,128,330
t3201ee.4.mat,129,331
t3201ee.4.mat,130,332
t3201ee.4.mat,131,333
t3201ee.4.mat,132,334
t3201ee.4.mat,133,335
t3201ee.4.mat,134,336
t3201ee.4.mat,135,337
t3201ee.4.mat,136,338
t3201ee.4.mat,137,339
t3201ee.4.mat,138,340
t3201ee.4.mat,139,341
t3201ee.4.mat,140,342
t3201ee.4.mat,141,343
t3201ee.4.mat,142,344
t3201ee.4.mat,143,345
t3201ee.4.mat,144,346
t3201ee.4.mat,145,347
t3201ee.4.mat,146,348
t3201ee.4.mat,147,349
t3201ee.4.mat,148,350
t3201ee.4.mat,149,351
t3201ee.4.mat,150,352
t3201ee.4.mat,151,353
t3201ee.4.mat,152,354
t3201ee.4.mat,153,355
t3201ee.4.mat,154,356
t3201ee.4.mat,155,357
t3201ee.4.mat,156,358
t3201ee.4.mat,157,359
t3201ee.4.mat,158,360
t3201ee.4.mat,159,NaN
t3201ee.5.mat,1,361
t3201ee.5.mat,2,362
t3201ee.5.mat,3,363
t3201ee.5.mat,4,364
t3201ee.5.mat,5,365
t3201ee.5.mat,6,366
t3201ee.5.mat,7,367
t3201ee.5.mat,8,368
t3201ee.5.mat,9,369
t3201ee.5.mat,10,370
t3201ee.5.mat,11,371
t3201ee.5.mat,12,372
t3201ee.5.mat,13,373
t3201ee.5.mat,14,374
t3201ee.5.mat,15,375
t3201ee.5.mat,16,376
t3201ee.5.mat,17,377
t3201ee.5.mat,18,378
t3201ee.5.mat,19,379
t3201ee.5.mat,20,380
t3201ee.5.mat,21,381
t3201ee.5.mat,22,382
t3201ee.5.mat,23,383
t3201ee.5.mat,24,384
t3201ee.5.mat,25,385
t3201ee.5.mat,26,386
t3201ee.5.mat,27,387
t3201ee.5.mat,28,388
t3201ee.5.mat,29,389
t3201ee.5.mat,30,390
t3201ee.5.mat,31,391
t3201ee.5.mat,32,392
t3201ee.5.mat,33,393
t3201ee.5.mat,34,394
t3201ee.5.mat,35,395
t3201ee.5.mat,36,396
t3201ee.5.mat,37,397
t3201ee.5.mat,38,398
t3201ee.5.mat,39,399
t3201ee.5.mat,40,400
t3201ee.5.mat,41,401
t3201ee.5.mat,42,402
t3201ee.5.mat,43,403
t3201ee.5.mat,44,NaN
t3201ee.5.mat,45,405
t3201ee.5.mat,46,406
t3201ee.5.mat,47,407
t3201ee.5.mat,48,408
t3201ee.5.mat,49,409
t3201ee.5.mat,50,410
t3201ee.5.mat,51,411
t3201ee.5.mat,52,412
t3201ee.5.mat,53,413
t3201ee.5.mat,54,414
t3201ee.5.mat,55,415
t3201ee.5.mat,56,416
t3201ee.5.mat,57,417
t3201ee.5.mat,58,418
t3201ee.5.mat,59,419
t3201ee.5.mat,60,420
t3201ee.5.mat,61,421
t3201ee.5.mat,62,422
t3201ee.5.mat,63,423
t3201ee.5.mat,64,NaN
t3201ee.5.mat,65,425
t3201ee.5.mat,66,426
t3201ee.5.mat,67,427
t3201ee.5.mat,68,428
t3201ee.5.mat,69,NaN
t3201ee.6.mat,1,429
t3201ee.6.mat,2,430
t3201ee.6.mat,3,431
t3201ee.6.mat,4,432
t3201ee.6.mat,5,433
t3201ee.6.mat,6,434
t3201ee.6.mat,7,435
t3201ee.6.mat,8,436
t3201ee.6.mat,9,437
t3201ee.6.mat,10,438
t3201ee.6.mat,11,439
t3201ee.6.mat,12,440
t3201ee.6.mat,13,441
t3201ee.6.mat,14,442
t3201ee.6.mat,15,443
t3201ee.6.mat,16,444
t3201ee.6.mat,17,445
t3201ee.6.mat,18,446
t3201ee.6.mat,19,447
t3201ee.6.mat,20,448
t3201ee.6.mat,21,449
t3201ee.6.mat,22,450
t3201ee.6.mat,23,451
t3201ee.6.mat,24,452
t3201ee.6.mat,25,453
t3201ee.6.mat,26,454
t3201ee.6.mat,27,455
t3201ee.6.mat,28,456
t3201ee.6.mat,29,457
t3201ee.6.mat,30,458
t3201ee.6.mat,31,459
t3201ee.6.mat,32,460
t3201ee.6.mat,33,461
t3201ee.6.mat,34,462
t3201ee.6.mat,35,463
t3201ee.6.mat,36,464
t3201ee.6.mat,37,465
t3201ee.6.mat,38,466
t3201ee.6.mat,39,467
t3201ee.6.mat,40,468
t3201ee.6.mat,41,469
t3201ee.6.mat,42,470
t3201ee.6.mat,43,471
t3201ee.6.mat,44,472
t3201ee.6.mat,45,473
t3201ee.6.mat,46,474
t3201ee.6.mat,47,475
t3201ee.6.mat,48,476
t3201ee.6.mat,49,477
t3201ee.6.mat,50,478
t3201ee.6.mat,51,479
t3201ee.6.mat,52,480
t3201ee.6.mat,53,481
t3201ee.6.mat,54,482
t3201ee.6.mat,55,483
t3201ee.6.mat,56,484
t3201ee.6.mat,57,485
t3201ee.6.mat,58,486
t3201ee.6.mat,59,487
t3201ee.6.mat,60,488
t3201ee.6.mat,61,489
t3201ee.6.mat,62,490
t3201ee.6.mat,63,491
t3201ee.6.mat,64,492
t3201ee.6.mat,65,493
t3201ee.6.mat,66,494
t3201ee.6.mat,67,495
t3201ee.6.mat,68,496
t3201ee.6.mat,69,497
t3201ee.6.mat,70,498
t3201ee.6.mat,71,499
t3201ee.6.mat,72,500
t3201ee.6.mat,73,501
t3201ee.6.mat,74,502
t3201ee.6.mat,75,503
t3201ee.6.mat,76,504
t3201ee.6.mat,77,505
t3201ee.6.mat,78,506
t3201ee.6.mat,79,507
t3201ee.6.mat,80,508
t3201ee.6.mat,81,509
t3201ee.6.mat,82,510
t3201ee.6.mat,83,511
t3201ee.6.mat,84,512
t3201ee.6.mat,85,513
t3201ee.6.mat,86,514
t3201ee.6.mat,87,515
t3201ee.6.mat,88,516
t3201ee.6.mat,89,517
t3201ee.6.mat,90,518
t3201ee.6.mat,91,519
t3201ee.6.mat,92,520
t3201ee.6.mat,93,521
t3201ee.6.mat,94,522
t3201ee.6.mat,95,523
t3201ee.6.mat,96,524
t3201ee.6.mat,97,525
t3201ee.6.mat,98,526
t3201ee.6.mat,99,527
t3201ee.6.mat,100,528
t3201ee.6.mat,101,529
t3201ee.6.mat,102,530
t3201ee.6.mat,103,531
t3201ee.6.mat,104,532
t3201ee.6.mat,105,533
t3201ee.6.mat,106,534
t3201ee.6.mat,107,535
t3201ee.6.mat,108,536
t3201ee.6.mat,109,537
t3201ee.6.mat,110,538
t3201ee.6.mat,111,539
t3201ee.6.mat,112,540
t3201ee.6.mat,113,541
t3201ee.6.mat,114,542
t3201ee.6.mat,115,543
t3201ee.6.mat,116,544
t3201ee.6.mat,117,545
t3201ee.6.mat,118,546
t3201ee.6.mat,119,547
t3201ee.6.mat,120,548
t3201ee.6.mat,121,549
t3201ee.6.mat,122,550
t3201ee.6.mat,123,551
t3201ee.6.mat,124,552
t3201ee.6.mat,125,553
t3201ee.6.mat,126,554
t3201ee.6.mat,127,555
t3201ee.6.mat,128,556
t3201ee.6.mat,129,557
t3201ee.6.mat,130,558
t3201ee.6.mat,131,559
t3201ee.6.mat,132,560
t3201ee.6.mat,133,561
t3201ee.6.mat,134,NaN
t3201ee.6.mat,135,563
t3201ee.6.mat,136,564
t3201ee.6.mat,137,565
t3201ee.6.mat,138,566
t3201ee.6.mat,139,567
t3201ee.6.mat,140,568
t3201ee.6.mat,141,569
t3201ee.6.mat,142,570
t3201ee.6.mat,143,571
t3201ee.6.mat,144,572
t3201ee.6.mat,145,573
t3201ee.6.mat,146,NaN
t3201ee.7.mat,1,574
t3201ee.7.mat,2,575
t3201ee.7.mat,3,576
t3201ee.7.mat,4,577
t3201ee.7.mat,5,578
t3201ee.7.mat,6,579
t3201ee.7.mat,7,580
t3201ee.7.mat,8,581
t3201ee.7.mat,9,582
t3201ee.7.mat,10,583
t3201ee.7.mat,11,584
t3201ee.7.mat,12,585
t3201ee.7.mat,13,586
t3201ee.7.mat,14,587
t3201ee.7.mat,15,588
t3201ee.7.mat,16,589
t3201ee.7.mat,17,590
t3201ee.7.mat,18,591
t3201ee.7.mat,19,592
t3201ee.7.mat,20,593
t3201ee.7.mat,21,594
t3201ee.7.mat,22,595
t3201ee.7.mat,23,596
t3201ee.7.mat,24,597
t3201ee.7.mat,25,598
t3201ee.7.mat,26,599
t3201ee.7.mat,27,600
t3201ee.7.mat,28,601
t3201ee.7.mat,29,602
t3201ee.7.mat,30,603
t3201ee.7.mat,31,604
t3201ee.7.mat,32,605
t3201ee.7.mat,33,606
t3201ee.7.mat,34,607
t3201ee.7.mat,35,608
t3201ee.7.mat,36,609
t3201ee.7.mat,37,610
t3201ee.7.mat,38,611
t3201ee.7.mat,39,612
t3201ee.7.mat,40,613
t3201ee.7.mat,41,NaN
t3201ee.8.mat,1,614
t3201ee.8.mat,2,615
t3201ee.8.mat,3,616
t3201ee.8.mat,4,617
t3201ee.8.mat,5,618
t3201ee.8.mat,6,619
t3201ee.8.mat,7,620
t3201ee.8.mat,8,621
t3201ee.8.mat,9,622
t3201ee.8.mat,10,623
t3201ee.8.mat,11,624
t3201ee.8.mat,12,625
t3201ee.8.mat,13,626
t3201ee.8.mat,14,627
t3201ee.8.mat,15,628
t3201ee.8.mat,16,629
t3201ee.8.mat,17,630
t3201ee.8.mat,18,631
t3201ee.8.mat,19,632
t3201ee.8.mat,20,633
t3201ee.8.mat,21,634
t3201ee.8.mat,22,635
t3201ee.8.mat,23,636
t3201ee.8.mat,24,637
t3201ee.8.mat,25,638
t3201ee.8.mat,26,639
t3201ee.8.mat,27,640
t3201ee.8.mat,28,641
t3201ee.8.mat,29,642
t3201ee.8.mat,30,643
t3201ee.8.mat,31,644
t3201ee.8.mat,32,645
t3201ee.8.mat,33,646
t3201ee.8.mat,34,647
t3201ee.8.mat,35,648
t3201ee.8.mat,36,649
t3201ee.8.mat,37,650
t3201ee.8.mat,38,651
t3201ee.8.mat,39,652
t3201ee.8.mat,40,653
t3201ee.8.mat,41,654
t3201ee.8.mat,42,655
t3201ee.8.mat,43,656
t3201ee.8.mat,44,657
t3201ee.8.mat,45,658
t3201ee.8.mat,46,659
t3201ee.8.mat,47,660
t3201ee.8.mat,48,661
t3201ee.8.mat,49,NaN
t3201ee.9.mat,1,NaN
t3201ee.9.mat,2,663
t3201ee.9.mat,3,664
t3201ee.9.mat,4,NaN
t3201ee.9.mat,5,NaN
t3201ee.9.mat,6,667
t3201ee.9.mat,7,668
t3201ee.9.mat,8,669
t3201ee.9.mat,9,670
t3201ee.9.mat,10,671
t3201ee.9.mat,11,672
t3201ee.9.mat,12,673
t3201ee.9.mat,13,674
t3201ee.9.mat,14,675
t3201ee.9.mat,15,676
t3201ee.9.mat,16,677
t3201ee.9.mat,17,678
t3201ee.9.mat,18,679
t3201ee.9.mat,19,680
t3201ee.9.mat,20,681
t3201ee.9.mat,21,682
t3201ee.9.mat,22,683
t3201ee.9.mat,23,684
t3201ee.9.mat,24,685
t3201ee.9.mat,25,686
t3201ee.9.mat,26,687
t3201ee.9.mat,27,688
t3201ee.9.mat,28,689
t3201ee.9.mat,29,690
t3201ee.9.mat,30,691
t3201ee.9.mat,31,692
t3201ee.9.mat,32,693
t3201ee.9.mat,33,694
t3201ee.9.mat,34,695
t3201ee.9.mat,35,696
t3201ee.9.mat,36,697
t3201ee.9.mat,37,698
t3201ee.9.mat,38,699
t3201ee.9.mat,39,700
t3201ee.9.mat,40,701
t3201ee.9.mat,41,702
t3201ee.9.mat,42,703
t3201ee.9.mat,43,704
t3201ee.9.mat,44,705
t3201ee.9.mat,45,706
t3201ee.9.mat,46,707
t3201ee.9.mat,47,708
t3201ee.9.mat,48,709
t3201ee.9.mat,49,710
t3201ee.9.mat,50,711
t3201ee.9.mat,51,712
t3201ee.9.mat,52,713
t3201ee.9.mat,53,714
t3201ee.9.mat,54,715
t3201ee.9.mat,55,716
t3201ee.9.mat,56,717
t3201ee.9.mat,57,718
t3201ee.9.mat,58,719
t3201ee.9.mat,59,720
t3201ee.9.mat,60,721
t3201ee.9.mat,61,722
t3201ee.9.mat,62,723
t3201ee.9.mat,63,724
t3201ee.9.mat,64,725
t3201ee.9.mat,65,726
t3201ee.9.mat,66,727
t3201ee.9.mat,67,728
t3201ee.9.mat,68,729
t3201ee.9.mat,69,730
t3201ee.9.mat,70,731
t3201ee.9.mat,71,732
t3201ee.9.mat,72,733
t3201ee.9.mat,73,734
t3201ee.9.mat,74,735
t3201ee.9.mat,75,736
t3201ee.9.mat,76,737
t3201ee.9.mat,77,738
t3201ee.9.mat,78,739
t3201ee.9.mat,79,740
t3201ee.9.mat,80,741
t3201ee.9.mat,81,742
t3201ee.9.mat,82,743
t3201ee.9.mat,83,744
t3201ee.9.mat,84,745
t3201ee.9.mat,85,746
t3201ee.9.mat,86,747
t3201ee.9.mat,87,748
t3201ee.9.mat,88,749
t3201ee.9.mat,89,750
t3201ee.9.mat,90,751
t3201ee.9.mat,91,752
t3201ee.9.mat,92,753
t3201ee.9.mat,93,754
t3201ee.9.mat,94,755
t3201ee.9.mat,95,756
t3201ee.9.mat,96,757
t3201ee.9.mat,97,758
t3201ee.9.mat,98,759
t3201ee.9.mat,99,760
t3201ee.9.mat,100,761
t3201ee.9.mat,101,762
t3201ee.9.mat,102,763
t3201ee.9.mat,103,764
t3201ee.9.mat,104,765
t3201ee.9.mat,105,766
t3201ee.9.mat,106,767
t3201ee.9.mat,107,768
t3201ee.9.mat,108,769
t3201ee.9.mat,109,770
t3201ee.9.mat,110,771
t3201ee.9.mat,111,772
t3201ee.9.mat,112,773
t3201ee.9.mat,113,774
t3201ee.9.mat,114,775
t3201ee.9.mat,115,776
t3201ee.9.mat,116,777
t3201ee.9.mat,117,778
t3201ee.9.mat,118,779
t3201ee.9.mat,119,780
t3201ee.9.mat,120,781
t3201ee.9.mat,121,782
t3201ee.9.mat,122,783
t3201ee.9.mat,123,784
t3201ee.9.mat,124,785
t3201ee.9.mat,125,786
t3201ee.9.mat,126,787
t3201ee.9.mat,127,788
t3201ee.9.mat,128,789
t3201ee.9.mat,129,790
t3201ee.9.mat,130,791
t3201ee.9.mat,131,792
t3201ee.9.mat,132,793
t3201ee.9.mat,133,NaN
t3201ee.9.mat,134,795
t3201ee.9.mat,135,796
t3201ee.9.mat,136,797
t3201ee.9.mat,137,798
t3201ee.9.mat,138,799
t3201ee.9.mat,139,800
t3201ee.9.mat,140,801
t3201ee.9.mat,141,802
t3201ee.9.mat,142,803
t3201ee.9.mat,143,804
t3201ee.9.mat,144,805
t3201ee.9.mat,145,806
t3201ee.9.mat,146,807
t3201ee.9.mat,147,808
t3201ee.9.mat,148,NaN
