scorer,DLC_resnet152_t-rest-colorJul19shuffle1_750000,DLC_resnet152_t-rest-colorJul19shuffle1_750000,DLC_resnet152_t-rest-colorJul19shuffle1_750000,DLC_resnet152_t-rest-colorJul19shuffle1_750000,DLC_resnet152_t-rest-colorJul19shuffle1_750000,DLC_resnet152_t-rest-colorJul19shuffle1_750000,DLC_resnet152_t-rest-colorJul19shuffle1_750000,DLC_resnet152_t-rest-colorJul19shuffle1_750000,DLC_resnet152_t-rest-colorJul19shuffle1_750000,DLC_resnet152_t-rest-colorJul19shuffle1_750000,DLC_resnet152_t-rest-colorJul19shuffle1_750000,DLC_resnet152_t-rest-colorJul19shuffle1_750000,DLC_resnet152_t-rest-colorJul19shuffle1_750000,DLC_resnet152_t-rest-colorJul19shuffle1_750000,DLC_resnet152_t-rest-colorJul19shuffle1_750000,DLC_resnet152_t-rest-colorJul19shuffle1_750000,DLC_resnet152_t-rest-colorJul19shuffle1_750000,DLC_resnet152_t-rest-colorJul19shuffle1_750000,DLC_resnet152_t-rest-colorJul19shuffle1_750000,DLC_resnet152_t-rest-colorJul19shuffle1_750000,DLC_resnet152_t-rest-colorJul19shuffle1_750000,DLC_resnet152_t-rest-colorJul19shuffle1_750000,DLC_resnet152_t-rest-colorJul19shuffle1_750000,DLC_resnet152_t-rest-colorJul19shuffle1_750000
bodyparts,base2,base2,base2,base3,base3,base3,base4,base4,base4,base5,base5,base5,tip2,tip2,tip2,tip3,tip3,tip3,tip4,tip4,tip4,tip5,tip5,tip5
coords,x,y,likelihood,x,y,likelihood,x,y,likelihood,x,y,likelihood,x,y,likelihood,x,y,likelihood,x,y,likelihood,x,y,likelihood
0,406.0491027832031,357.368896484375,0.9999580383300781,423.087890625,355.15704345703125,0.9999673366546631,442.3233642578125,357.9776306152344,0.9999703168869019,468.2999572753906,372.668701171875,0.9998999834060669,414.26953125,264.4112548828125,0.9999673366546631,437.79742431640625,238.4348907470703,0.9999724626541138,462.1793518066406,241.92063903808594,0.999954342842102,486.6622009277344,292.506103515625,0.9999923706054688
1,406.0491027832031,359.6298828125,0.999967098236084,423.087890625,355.95074462890625,0.9999915361404419,443.50933837890625,359.9176330566406,0.999927282333374,468.2999572753906,376.7066955566406,0.9998843669891357,414.7574462890625,265.09808349609375,0.9999668598175049,437.79742431640625,238.8839874267578,0.9999812841415405,462.39471435546875,242.15097045898438,0.9999681711196899,486.8083801269531,292.506103515625,0.9999849796295166
2,406.23077392578125,361.7399597167969,0.9999698400497437,423.7102355957031,356.224365234375,0.9999587535858154,443.5136413574219,360.26458740234375,0.9999644756317139,468.2999572753906,378.6269226074219,0.9999573230743408,415.0503234863281,265.5240783691406,0.9999769926071167,437.8153076171875,238.8910369873047,0.9999697208404541,462.42572021484375,242.47381591796875,0.9999643564224243,486.9840087890625,293.7176208496094,0.9999892711639404
3,406.0491027832031,361.9089660644531,0.9999748468399048,423.087890625,356.4916076660156,0.999982476234436,443.5136413574219,360.26458740234375,0.9999511241912842,468.7475891113281,377.9714050292969,0.9999324083328247,415.7449035644531,265.09808349609375,0.9999790191650391,437.8153076171875,238.8910369873047,0.9999760389328003,462.42572021484375,242.47381591796875,0.9999649524688721,487.265869140625,293.7323303222656,0.9999932050704956
4,405.813720703125,361.9089660644531,0.9999593496322632,422.943359375,356.62371826171875,0.9999850988388062,443.5136413574219,360.726806640625,0.9999701976776123,468.1879577636719,378.6269226074219,0.9999265670776367,415.7449035644531,265.5240783691406,0.9999761581420898,437.8153076171875,239.53433227539062,0.999962568283081,462.42572021484375,243.79005432128906,0.9999614953994751,487.3660583496094,293.7176208496094,0.9999852180480957
5,405.813720703125,361.7399597167969,0.9999697208404541,422.943359375,356.62371826171875,0.9999701976776123,444.25244140625,360.726806640625,0.9999699592590332,468.1879577636719,378.6269226074219,0.9999213218688965,415.7799987792969,265.197265625,0.9999678134918213,437.9573059082031,239.40293884277344,0.9999701976776123,463.0841369628906,243.91795349121094,0.9999178647994995,487.79449462890625,293.7323303222656,0.9999775886535645
6,406.0000915527344,361.7399597167969,0.9999675750732422,423.7102355957031,356.4916076660156,0.9999879598617554,444.3509521484375,360.726806640625,0.9999774694442749,469.1091613769531,377.9714050292969,0.999909520149231,415.7449035644531,266.0281066894531,0.9999831914901733,437.9573059082031,240.0354766845703,0.9999680519104004,463.10992431640625,243.95086669921875,0.9999387264251709,488.0862731933594,293.7323303222656,0.999970555305481
7,405.6935729980469,361.8939514160156,0.9999381303787231,422.9110412597656,356.4916076660156,0.99996018409729,444.3509521484375,359.97296142578125,0.9999145269393921,469.1357727050781,373.3370666503906,0.9999356269836426,415.7799987792969,266.0281066894531,0.9999774694442749,438.9759826660156,240.00933837890625,0.9999510049819946,463.26641845703125,243.91795349121094,0.9999843835830688,488.0862731933594,294.6457824707031,0.999977707862854
8,405.6935729980469,361.4819641113281,0.999826967716217,423.27099609375,357.556396484375,0.9999529123306274,444.1163330078125,359.97296142578125,0.9998918771743774,469.8785400390625,373.3370666503906,0.9998555183410645,415.2959289550781,266.0281066894531,0.9999754428863525,437.9573059082031,240.0354766845703,0.9999849796295166,463.10992431640625,243.91795349121094,0.9999510049819946,488.0862731933594,293.84478759765625,0.9999854564666748
9,405.218505859375,361.8939514160156,0.9999632835388184,423.27099609375,357.556396484375,0.9999752044677734,444.1163330078125,359.97296142578125,0.9999454021453857,469.8785400390625,373.3370666503906,0.9999353885650635,415.8307189941406,266.0281066894531,0.9999871253967285,438.9759826660156,240.3546142578125,0.9999659061431885,463.26641845703125,243.95086669921875,0.9999698400497437,487.56597900390625,293.9791259765625,0.9999843835830688
10,405.218505859375,361.8939514160156,0.9999372959136963,423.16033935546875,357.556396484375,0.9999570846557617,443.7221984863281,361.57891845703125,0.9999006986618042,469.1357727050781,377.7168884277344,0.9998701810836792,415.2872009277344,266.2647705078125,0.9999768733978271,438.9759826660156,240.68344116210938,0.9999781847000122,463.10992431640625,243.95086669921875,0.9999263286590576,487.56597900390625,293.84478759765625,0.999985933303833
11,405.218505859375,361.78314208984375,0.9999772310256958,423.16033935546875,357.556396484375,0.9999809265136719,442.8255310058594,361.57891845703125,0.9999743700027466,469.1357727050781,377.7168884277344,0.9999479055404663,415.4456787109375,267.0462341308594,0.999984860420227,439.18603515625,240.3546142578125,0.9999426603317261,463.26641845703125,244.0720977783203,0.9999759197235107,487.56597900390625,293.9791259765625,0.9999850988388062
12,405.6444091796875,361.352783203125,0.9999591112136841,423.1697082519531,357.5950012207031,0.999980092048645,442.8255310058594,362.52984619140625,0.9999629259109497,467.9823913574219,378.0598449707031,0.9998888969421387,415.2872009277344,267.47161865234375,0.9999843835830688,439.18603515625,240.68344116210938,0.9999535083770752,463.3249206542969,244.11898803710938,0.9999626874923706,487.56597900390625,293.9791259765625,0.9999868869781494
13,405.7344665527344,361.78314208984375,0.9999920129776001,423.1697082519531,358.7590637207031,0.9999904632568359,442.8255310058594,361.9258117675781,0.9999706745147705,467.9823913574219,378.0598449707031,0.999958872795105,415.3052673339844,267.47161865234375,0.9999797344207764,439.18603515625,240.3546142578125,0.9999488592147827,463.32794189453125,244.0720977783203,0.999969482421875,487.58782958984375,295.3134765625,0.999963641166687
14,405.8743591308594,361.04046630859375,0.9999481439590454,423.9168701171875,357.3189697265625,0.9999629259109497,444.6010437011719,361.57891845703125,0.9999631643295288,468.1685485839844,377.6119079589844,0.9999432563781738,415.3052673339844,267.47161865234375,0.9999665021896362,438.4679870605469,240.50314331054688,0.999975323677063,463.3249206542969,244.0720977783203,0.9999635219573975,488.02484130859375,295.4642639160156,0.9999768733978271
15,406.4292297363281,361.04046630859375,0.9999394416809082,423.9337158203125,358.6804504394531,0.9999514818191528,444.6010437011719,361.9258117675781,0.9999749660491943,468.3716735839844,377.6119079589844,0.9999561309814453,415.4456787109375,266.6036376953125,0.999975323677063,438.4679870605469,240.50314331054688,0.9999788999557495,463.3249206542969,244.30398559570312,0.9999661445617676,488.02484130859375,295.4642639160156,0.9999130964279175
16,406.4292297363281,361.5906066894531,0.9999539852142334,423.9337158203125,358.6804504394531,0.9999837875366211,444.6010437011719,363.0412902832031,0.9999678134918213,468.1685485839844,378.6065673828125,0.9999686479568481,415.4689636230469,266.6036376953125,0.9999781847000122,437.9177551269531,240.87095642089844,0.9999827146530151,463.1310729980469,244.54373168945312,0.9999531507492065,487.71240234375,296.06005859375,0.9999351501464844
17,405.8743591308594,361.5906066894531,0.9999641180038452,423.9168701171875,358.2103576660156,0.9999656677246094,444.5513610839844,362.45343017578125,0.9999744892120361,468.3716735839844,378.6065673828125,0.9998726844787598,415.7410583496094,266.6036376953125,0.9999902248382568,438.4679870605469,240.87095642089844,0.9999727010726929,463.1310729980469,244.5860595703125,0.9999493360519409,487.71240234375,296.06005859375,0.9999788999557495
18,405.203369140625,361.5906066894531,0.9999815225601196,422.7535705566406,358.2103576660156,0.9999855756759644,444.0357666015625,362.45343017578125,0.9999680519104004,468.3716735839844,378.6065673828125,0.9999253749847412,415.7410583496094,266.94305419921875,0.9999858140945435,438.739013671875,240.87095642089844,0.9999804496765137,463.1310729980469,244.5860595703125,0.9999557733535767,487.71240234375,295.8768310546875,0.9999454021453857
19,405.203369140625,361.5906066894531,0.9999533891677856,422.4429626464844,358.2103576660156,0.9999865293502808,443.62744140625,362.45343017578125,0.9999769926071167,468.0927429199219,378.6065673828125,0.9999240636825562,415.95184326171875,267.1053466796875,0.999990701675415,438.7902526855469,241.54971313476562,0.9999761581420898,463.5437927246094,244.5860595703125,0.9999715089797974,487.71240234375,295.8768310546875,0.9999703168869019
20,405.203369140625,361.6986389160156,0.9999616146087646,422.4429626464844,358.2103576660156,0.9999735355377197,443.62744140625,361.83233642578125,0.9999711513519287,468.0927429199219,378.2472839355469,0.9999474287033081,415.4702453613281,267.1053466796875,0.999983549118042,438.7902526855469,242.08013916015625,0.9999499320983887,463.5437927246094,246.0486297607422,0.9999696016311646,487.71240234375,296.06005859375,0.9999650716781616
21,405.683837890625,362.90545654296875,0.9999778270721436,422.7535705566406,357.4452209472656,0.9999897480010986,443.53875732421875,360.9151916503906,0.9999547004699707,468.7821960449219,377.4463806152344,0.9999082088470459,415.8716125488281,267.1053466796875,0.9999842643737793,440.0075988769531,241.54971313476562,0.9999727010726929,463.9749755859375,245.66856384277344,0.9999545812606812,487.5715026855469,297.07415771484375,0.999958872795105
22,405.9059143066406,363.6695556640625,0.9999662637710571,422.7535705566406,358.364990234375,0.999976396560669,442.9424743652344,360.9151916503906,0.9999688863754272,468.0927429199219,377.4463806152344,0.9998866319656372,415.6829528808594,267.1053466796875,0.9999768733978271,440.2292785644531,241.54971313476562,0.9999866485595703,464.3546447753906,246.0486297607422,0.9999434947967529,487.8831787109375,297.2768859863281,0.9999738931655884
23,405.9059143066406,362.90545654296875,0.9999387264251709,422.74639892578125,357.7009582519531,0.9999716281890869,443.53875732421875,360.9151916503906,0.9999433755874634,468.0927429199219,377.4463806152344,0.999873161315918,415.8716125488281,267.1373596191406,0.9999852180480957,440.2292785644531,242.08013916015625,0.9999721050262451,464.3546447753906,246.3135986328125,0.9999717473983765,487.6919250488281,297.2768859863281,0.9999650716781616
24,405.9059143066406,362.90545654296875,0.9999704360961914,423.23529052734375,357.7009582519531,0.9999740123748779,444.2226257324219,360.9151916503906,0.9999704360961914,469.3370361328125,377.4463806152344,0.9999270439147949,415.8716125488281,267.7453308105469,0.9999840259552002,440.2292785644531,242.38026428222656,0.9999768733978271,464.0096130371094,246.7977294921875,0.9999507665634155,487.5715026855469,297.3050537109375,0.9999736547470093
25,406.7027282714844,363.6695556640625,0.9999759197235107,423.23529052734375,357.7009582519531,0.9999905824661255,444.2226257324219,361.68798828125,0.999975323677063,469.3370361328125,377.4463806152344,0.9999661445617676,415.9204406738281,267.9745788574219,0.9999921321868896,440.2292785644531,242.38026428222656,0.9999730587005615,464.0096130371094,246.7977294921875,0.9999420642852783,487.6919250488281,297.3050537109375,0.9999634027481079
26,406.7027282714844,363.6705627441406,0.9999603033065796,422.7924499511719,359.18560791015625,0.9999796152114868,444.2226257324219,361.8018493652344,0.9999592304229736,468.56658935546875,379.0415344238281,0.9998877048492432,416.1742858886719,268.83013916015625,0.9999911785125732,439.4202880859375,242.88931274414062,0.9999829530715942,463.712890625,247.1608123779297,0.9999337196350098,487.6919250488281,297.97393798828125,0.9999828338623047
27,405.9228515625,361.6900634765625,0.9999210834503174,424.10333251953125,357.7009582519531,0.9999289512634277,444.2226257324219,361.68798828125,0.999961256980896,469.3370361328125,377.16998291015625,0.9998555183410645,416.1742858886719,269.084228515625,0.999988317489624,439.4202880859375,242.88931274414062,0.9999903440475464,463.712890625,246.7977294921875,0.9999164342880249,487.6919250488281,297.3067626953125,0.9999662637710571
28,406.7027282714844,360.1888122558594,0.9999697208404541,424.10333251953125,358.8437194824219,0.9999501705169678,444.1305236816406,361.68798828125,0.9999351501464844,469.3370361328125,377.16998291015625,0.999729573726654,416.0292053222656,269.084228515625,0.9999830722808838,438.8283386230469,242.88931274414062,0.9999719858169556,464.0096130371094,246.9324188232422,0.9998964071273804,487.7875671386719,297.3067626953125,0.999950647354126
29,406.5444641113281,363.0955505371094,0.9999603033065796,423.6317443847656,359.2499694824219,0.9999710321426392,444.0340881347656,364.49835205078125,0.9999606609344482,468.56658935546875,383.2277526855469,0.999948263168335,415.9204406738281,269.120361328125,0.9999803304672241,438.8283386230469,242.84152221679688,0.9999657869338989,464.15069580078125,246.9324188232422,0.9999561309814453,487.7875671386719,297.6099853515625,0.999967098236084
30,405.9228515625,363.0955505371094,0.9999396800994873,422.83905029296875,360.49090576171875,0.999976634979248,444.0340881347656,365.6611633300781,0.9999562501907349,468.56658935546875,383.81591796875,0.999808132648468,415.4330139160156,269.4783935546875,0.9999862909317017,439.17486572265625,243.03904724121094,0.9999839067459106,464.15899658203125,247.05767822265625,0.9999527931213379,487.7875671386719,297.6099853515625,0.9999575614929199
31,405.9228515625,361.81640625,0.9999703168869019,422.83905029296875,358.8437194824219,0.9999749660491943,443.58782958984375,364.49835205078125,0.9999369382858276,468.5078430175781,383.2277526855469,0.9999047517776489,415.4330139160156,269.4783935546875,0.9999841451644897,439.80377197265625,242.92494201660156,0.9999771118164062,464.3934631347656,247.05767822265625,0.9999597072601318,488.0306091308594,297.6099853515625,0.9999794960021973
32,406.39306640625,361.81640625,0.9999752044677734,422.755859375,358.8437194824219,0.9999489784240723,443.58782958984375,364.49835205078125,0.9999469518661499,468.5078430175781,383.2277526855469,0.9998818635940552,415.8387451171875,269.2450866699219,0.9999858140945435,439.755615234375,242.92494201660156,0.9999816417694092,464.3934631347656,247.70046997070312,0.9999344348907471,488.2392272949219,297.6099853515625,0.9999748468399048
33,405.74554443359375,363.0955505371094,0.9999717473983765,422.7047119140625,359.6539611816406,0.999982476234436,443.4731140136719,363.3446960449219,0.999975323677063,468.76019287109375,379.7952575683594,0.9999371767044067,415.46112060546875,269.4783935546875,0.999985933303833,439.755615234375,242.92494201660156,0.9999827146530151,464.3934631347656,247.70046997070312,0.9999505281448364,488.3841247558594,297.6099853515625,0.999969482421875
34,405.7217102050781,364.5234680175781,0.9999701976776123,422.7047119140625,359.6539611816406,0.999993085861206,443.4731140136719,363.3446960449219,0.9999775886535645,468.8470458984375,379.7952575683594,0.9999356269836426,415.8387451171875,269.4783935546875,0.9999902248382568,439.755615234375,243.57444763183594,0.9999828338623047,464.409912109375,247.9633026123047,0.9999481439590454,488.4769287109375,299.0625305175781,0.999915361404419
35,405.7217102050781,364.5234680175781,0.9999784231185913,422.7047119140625,359.6539611816406,0.9999761581420898,443.0343322753906,363.3446960449219,0.9999773502349854,468.86474609375,379.7952575683594,0.9999436140060425,415.8387451171875,269.2450866699219,0.9999872446060181,439.5461730957031,243.2671661376953,0.9999781847000122,463.67877197265625,247.70046997070312,0.9999204874038696,488.4769287109375,297.9920654296875,0.9999262094497681
36,405.0202941894531,364.5234680175781,0.9999854564666748,422.1610412597656,361.32501220703125,0.9999809265136719,443.0343322753906,366.5980529785156,0.9999362230300903,468.86474609375,382.3790283203125,0.999887228012085,416.1192932128906,269.65203857421875,0.9999874830245972,439.2630310058594,243.57444763183594,0.9999788999557495,463.5526123046875,247.9633026123047,0.9999351501464844,488.48553466796875,297.9920654296875,0.9999597072601318
37,405.0202941894531,364.5234680175781,0.9999771118164062,422.1610412597656,361.32501220703125,0.9999291896820068,442.5367126464844,366.5980529785156,0.9999614953994751,468.86474609375,382.3790283203125,0.9999228715896606,416.0394592285156,269.96295166015625,0.9999858140945435,439.2630310058594,243.57444763183594,0.9999862909317017,463.4169921875,247.9633026123047,0.9999285936355591,488.48553466796875,298.7712707519531,0.9999719858169556
38,405.86639404296875,364.3639831542969,0.9999805688858032,423.78607177734375,361.32501220703125,0.9999734163284302,442.5367126464844,366.5980529785156,0.9999381303787231,468.86474609375,382.3790283203125,0.9999693632125854,416.0394592285156,269.96295166015625,0.999985933303833,439.5461730957031,243.85304260253906,0.9999879598617554,463.5526123046875,248.0430908203125,0.9999246597290039,488.48553466796875,299.0625305175781,0.9999709129333496
39,405.86639404296875,364.1066589355469,0.9999606609344482,423.78607177734375,359.5434265136719,0.9999576807022095,443.0343322753906,364.1802062988281,0.9999614953994751,468.86474609375,380.2372131347656,0.9998505115509033,416.0394592285156,269.9756774902344,0.999987006187439,439.1879577636719,244.177001953125,0.9999837875366211,463.5526123046875,248.7186737060547,0.9998859167098999,488.48553466796875,299.4970703125,0.9999414682388306
40,405.6914978027344,364.1066589355469,0.999970555305481,423.39971923828125,359.5434265136719,0.9999688863754272,442.96539306640625,364.1802062988281,0.9999794960021973,468.5907287597656,380.2372131347656,0.9999346733093262,416.11761474609375,270.40228271484375,0.9999843835830688,439.89923095703125,244.318603515625,0.9999816417694092,463.5526123046875,248.7186737060547,0.9999363422393799,488.55450439453125,299.4970703125,0.9999603033065796
41,405.6914978027344,362.9834899902344,0.999962329864502,423.39971923828125,359.3104248046875,0.9999700784683228,443.8962707519531,363.4517517089844,0.9999611377716064,468.8960876464844,380.0331726074219,0.9999468326568604,416.0394592285156,269.9756774902344,0.9999815225601196,439.89923095703125,244.7428436279297,0.9999783039093018,463.7231750488281,248.7186737060547,0.9999366998672485,488.55450439453125,299.4970703125,0.9999754428863525
42,405.4324035644531,361.9778137207031,0.9999617338180542,422.93060302734375,359.0083923339844,0.9999569654464722,444.1040344238281,362.7404479980469,0.9999760389328003,469.5265808105469,379.6334533691406,0.9999085664749146,416.11761474609375,269.9756774902344,0.9999867677688599,439.1879577636719,245.0454559326172,0.9999806880950928,464.1756591796875,248.52630615234375,0.9998273849487305,488.55450439453125,299.4970703125,0.9999686479568481
43,404.47271728515625,363.36810302734375,0.9999853372573853,420.6511535644531,357.1365051269531,0.9999940395355225,444.1388244628906,360.578125,0.9999481439590454,468.8960876464844,375.49432373046875,0.9999634027481079,416.34100341796875,266.91583251953125,0.9999841451644897,437.9817810058594,247.19329833984375,0.9999765157699585,465.26715087890625,248.45529174804688,0.999975323677063,488.55450439453125,299.5059509277344,0.9999717473983765
44,404.47271728515625,361.4381103515625,0.9999876022338867,420.6511535644531,357.1365051269531,0.9999911785125732,444.67181396484375,360.2967529296875,0.9999393224716187,469.4803161621094,374.6992492675781,0.999946117401123,416.37042236328125,266.91583251953125,0.9999927282333374,437.9817810058594,247.47952270507812,0.9999785423278809,465.6795959472656,248.45529174804688,0.9999765157699585,488.657470703125,299.7000732421875,0.9999561309814453
45,403.58966064453125,361.4381103515625,0.9999877214431763,420.2735900878906,357.1365051269531,0.999983549118042,444.67181396484375,360.1966857910156,0.9999421834945679,469.4803161621094,374.5412902832031,0.9999628067016602,416.37042236328125,266.9108581542969,0.9999819993972778,437.5649108886719,247.83352661132812,0.9999741315841675,466.0754699707031,248.52630615234375,0.99997878074646,488.6915588378906,299.7943115234375,0.99996018409729
46,403.58966064453125,363.36810302734375,0.9999854564666748,420.2735900878906,357.3703918457031,0.9999936819076538,444.1388244628906,360.2967529296875,0.9999582767486572,469.1480712890625,374.6992492675781,0.9999626874923706,416.6229248046875,266.91583251953125,0.999993085861206,437.9817810058594,247.83352661132812,0.9999603033065796,466.0821228027344,248.7493896484375,0.9999794960021973,488.80206298828125,300.37371826171875,0.9999490976333618
47,403.60589599609375,363.36810302734375,0.9999918937683105,420.8658447265625,357.3703918457031,0.9999871253967285,444.1388244628906,360.2395324707031,0.9999382495880127,469.1480712890625,374.5412902832031,0.9999630451202393,416.7054748535156,267.8320007324219,0.9999879598617554,437.60052490234375,248.14511108398438,0.9999784231185913,466.1087951660156,248.92779541015625,0.999977707862854,488.82843017578125,300.64678955078125,0.9999581575393677
48,403.7942810058594,363.5408935546875,0.9999911785125732,421.23101806640625,358.05706787109375,0.9999707937240601,443.66058349609375,360.2967529296875,0.9999767541885376,469.1480712890625,374.5412902832031,0.9999407529830933,416.7054748535156,268.0646057128906,0.999993085861206,438.4512634277344,248.30567932128906,0.9999680519104004,466.2282409667969,249.26158142089844,0.9999755620956421,488.9089050292969,300.8310241699219,0.99994957447052
49,403.6254577636719,364.2942810058594,0.9999898672103882,421.0570068359375,359.40728759765625,0.9999885559082031,443.65606689453125,362.4321594238281,0.9999371767044067,468.2928771972656,377.1177062988281,0.9999604225158691,416.72314453125,268.0646057128906,0.9999926090240479,438.4512634277344,248.30567932128906,0.9999676942825317,466.3573913574219,249.39144897460938,0.9999827146530151,488.82843017578125,301.057861328125,0.9999439716339111
50,403.7942810058594,365.2137756347656,0.9999899864196777,421.0570068359375,359.40728759765625,0.9999836683273315,443.65606689453125,362.4321594238281,0.9999657869338989,468.2233581542969,377.1177062988281,0.9999179840087891,416.78271484375,268.0646057128906,0.9999896287918091,438.4512634277344,248.30567932128906,0.9999727010726929,466.68670654296875,249.57327270507812,0.9999840259552002,489.01519775390625,301.2274169921875,0.9999494552612305
51,403.7942810058594,364.2942810058594,0.9999901056289673,421.0104064941406,358.72418212890625,0.9999785423278809,443.6627197265625,362.4321594238281,0.9999687671661377,468.2233581542969,377.1177062988281,0.9999476671218872,417.19024658203125,267.748046875,0.9999864101409912,438.4512634277344,248.44161987304688,0.9999737739562988,466.9439697265625,249.81350708007812,0.999987006187439,489.01519775390625,301.73199462890625,0.9999336004257202
52,403.7942810058594,364.52288818359375,0.9999880790710449,421.0570068359375,359.40728759765625,0.9999843835830688,443.6627197265625,362.9743957519531,0.9999465942382812,468.2233581542969,378.4005126953125,0.9999334812164307,417.5268249511719,265.54730224609375,0.9999905824661255,438.8323059082031,249.03103637695312,0.9999579191207886,467.031005859375,249.92312622070312,0.999987006187439,489.01519775390625,301.93841552734375,0.9999436140060425
53,403.8935546875,365.2137756347656,0.9999924898147583,421.0570068359375,359.6077880859375,0.9999860525131226,443.6627197265625,362.9743957519531,0.9999587535858154,468.0387268066406,378.4005126953125,0.9999550580978394,417.5268249511719,265.54730224609375,0.9999947547912598,438.8323059082031,249.03103637695312,0.9999771118164062,467.067626953125,250.90106201171875,0.9999878406524658,489.01519775390625,302.31640625,0.9999382495880127
54,403.9903564453125,365.0397033691406,0.9999873638153076,421.0104064941406,359.392578125,0.9999829530715942,443.74298095703125,362.92291259765625,0.9999716281890869,468.2233581542969,377.86328125,0.9999339580535889,417.5268249511719,266.06817626953125,0.9999904632568359,438.32196044921875,249.03103637695312,0.9999716281890869,467.031005859375,250.9126739501953,0.9999901056289673,489.01519775390625,302.6168518066406,0.9999232292175293
55,403.8935546875,364.52288818359375,0.9999841451644897,420.5704040527344,359.392578125,0.9999785423278809,444.3218994140625,362.92291259765625,0.9999605417251587,468.24652099609375,377.86328125,0.9999462366104126,417.3176574707031,267.748046875,0.9999860525131226,438.90777587890625,249.23187255859375,0.9999810457229614,466.9439697265625,251.3035430908203,0.9999887943267822,489.05743408203125,302.68572998046875,0.9999310970306396
56,403.2185974121094,364.5719299316406,0.9999908208847046,420.5704040527344,359.392578125,0.9999827146530151,443.9723815917969,362.362060546875,0.9999711513519287,469.2852783203125,377.24627685546875,0.9999277591705322,417.2640075683594,268.2400817871094,0.9999936819076538,438.50775146484375,249.5683135986328,0.999977707862854,467.2283935546875,251.48516845703125,0.9999886751174927,489.20489501953125,302.77313232421875,0.9999206066131592
57,403.20806884765625,365.0397033691406,0.9999881982803345,420.5585021972656,359.392578125,0.9999785423278809,443.9723815917969,362.362060546875,0.99996018409729,469.2852783203125,377.24627685546875,0.9999212026596069,416.75213623046875,269.1590881347656,0.9999918937683105,437.74755859375,250.04229736328125,0.9999803304672241,467.2283935546875,251.8956298828125,0.9999892711639404,489.2698059082031,303.00128173828125,0.9999512434005737
58,403.09625244140625,365.0397033691406,0.9999895095825195,420.4317321777344,359.392578125,0.999977707862854,443.9723815917969,362.92291259765625,0.9999639987945557,469.2852783203125,377.24627685546875,0.9999164342880249,417.2640075683594,269.216796875,0.9999891519546509,438.50775146484375,250.33181762695312,0.9999830722808838,467.3606872558594,251.95867919921875,0.9999903440475464,489.40093994140625,303.4276428222656,0.9999558925628662
59,402.9516906738281,367.5982971191406,0.9999856948852539,420.27374267578125,361.14227294921875,0.9999644756317139,443.923583984375,363.9085388183594,0.9999659061431885,468.530029296875,378.6023864746094,0.9999624490737915,416.79052734375,269.5779724121094,0.9999924898147583,439.0792236328125,250.4204864501953,0.9999843835830688,467.3606872558594,251.9689178466797,0.9999905824661255,489.43829345703125,304.0924377441406,0.9999696016311646
60,402.9516906738281,367.958984375,0.9999825954437256,420.4317321777344,361.8993835449219,0.999976634979248,443.1174011230469,364.6103210449219,0.9999477863311768,468.01812744140625,378.6023864746094,0.9999744892120361,416.79052734375,270.2546691894531,0.9999945163726807,439.0792236328125,251.249267578125,0.9999880790710449,467.3606872558594,252.99203491210938,0.9999880790710449,489.5497131347656,304.5060119628906,0.9999595880508423
61,402.8468017578125,367.958984375,0.9999797344207764,420.27374267578125,361.9816589355469,0.9999713897705078,443.0570068359375,365.0250549316406,0.9999656677246094,468.01812744140625,379.29083251953125,0.9999674558639526,416.818359375,271.1319580078125,0.9999898672103882,439.1078186035156,251.7444610595703,0.9999855756759644,467.3606872558594,253.16055297851562,0.9999904632568359,489.7648010253906,304.5089416503906,0.9999656677246094
62,401.9339599609375,368.08837890625,0.9999724626541138,419.5390625,361.9922790527344,0.999974250793457,443.0570068359375,365.22821044921875,0.9999686479568481,468.01812744140625,379.29083251953125,0.9999648332595825,417.34185791015625,271.6665344238281,0.9999927282333374,439.1078186035156,252.0502471923828,0.9999849796295166,467.4834289550781,253.64157104492188,0.9999876022338867,489.7648010253906,305.3693542480469,0.9999768733978271
63,401.9339599609375,367.958984375,0.9999847412109375,419.68060302734375,361.9922790527344,0.999976396560669,442.80914306640625,365.22821044921875,0.9999450445175171,467.9913024902344,379.29083251953125,0.9999572038650513,416.818359375,272.3343505859375,0.999995231628418,439.21539306640625,252.55465698242188,0.999988317489624,467.88690185546875,254.39463806152344,0.9999885559082031,490.3556823730469,306.7520446777344,0.999983549118042
64,401.7349548339844,368.1779479980469,0.9999765157699585,419.0515441894531,362.8542175292969,0.9999785423278809,442.4952392578125,366.7132568359375,0.999929666519165,467.34515380859375,381.381591796875,0.9999628067016602,417.34185791015625,272.3343505859375,0.9999899864196777,439.21539306640625,253.27236938476562,0.9999866485595703,468.2329406738281,254.43861389160156,0.9999886751174927,490.6742858886719,307.18634033203125,0.9999842643737793
65,401.59771728515625,368.1779479980469,0.9999849796295166,418.93609619140625,363.3415832519531,0.9999853372573853,442.1328430175781,367.7687683105469,0.9999493360519409,467.1881408691406,382.6528625488281,0.9999723434448242,417.34185791015625,273.03466796875,0.9999918937683105,440.417236328125,253.288818359375,0.9999693632125854,468.2416076660156,255.6324005126953,0.9999839067459106,490.9035949707031,308.21844482421875,0.9999834299087524
66,401.5285339355469,369.3022155761719,0.9999752044677734,418.93609619140625,364.2907409667969,0.9999830722808838,442.1328430175781,368.2823486328125,0.9999281167984009,466.8415832519531,382.9222717285156,0.9999624490737915,417.34185791015625,273.11749267578125,0.9999916553497314,440.5745544433594,253.8290252685547,0.9999810457229614,468.2805480957031,255.85806274414062,0.9999788999557495,491.0224914550781,308.56414794921875,0.9999839067459106
67,400.6435546875,369.3022155761719,0.9999510049819946,418.9183349609375,364.2907409667969,0.9999821186065674,442.09906005859375,368.2823486328125,0.9998935461044312,466.5992431640625,383.4624938964844,0.999948263168335,418.15008544921875,273.9383239746094,0.9999977350234985,440.5745544433594,255.25440979003906,0.9999614953994751,468.54510498046875,256.81475830078125,0.9999878406524658,491.0703125,308.9672546386719,0.9999783039093018
68,399.9229431152344,370.641845703125,0.9999827146530151,418.682373046875,365.0951232910156,0.9999699592590332,442.0783386230469,368.7198791503906,0.9999344348907471,465.2405090332031,383.6556701660156,0.9999727010726929,418.2832946777344,273.96661376953125,0.9999958276748657,440.5745544433594,255.31851196289062,0.9999632835388184,468.78521728515625,258.1529541015625,0.9999885559082031,491.5578918457031,309.4922790527344,0.9999790191650391
69,399.597900390625,370.8669128417969,0.9999738931655884,417.4403381347656,365.8152770996094,0.9999802112579346,441.74847412109375,369.5694274902344,0.9999059438705444,465.1588134765625,386.86187744140625,0.9999551773071289,418.1755676269531,274.0741271972656,0.9999980926513672,440.5745544433594,255.84426879882812,0.9999754428863525,468.81573486328125,258.2305603027344,0.9999884366989136,492.0118713378906,311.77337646484375,0.9999425411224365
70,398.6591491699219,370.8741760253906,0.9999837875366211,416.7193603515625,366.1289367675781,0.9999619722366333,441.1203308105469,370.3070983886719,0.9998997449874878,465.0622863769531,386.941162109375,0.9999538660049438,418.15008544921875,274.1756591796875,0.9999980926513672,440.4446105957031,256.31768798828125,0.9999717473983765,468.8863525390625,259.4715576171875,0.9999896287918091,492.2661437988281,312.3811950683594,0.9999285936355591
71,397.8322448730469,371.0004577636719,0.9999866485595703,415.5946960449219,366.18304443359375,0.9999299049377441,440.806640625,370.88714599609375,0.999915599822998,464.5086669921875,387.2452697753906,0.9999691247940063,418.1755676269531,275.5445556640625,0.9999978542327881,440.4446105957031,256.8016052246094,0.9999587535858154,469.268310546875,260.4443054199219,0.9999868869781494,492.413818359375,314.57806396484375,0.999924898147583
72,397.27789306640625,371.0004577636719,0.9999884366989136,415.4229736328125,366.6214294433594,0.9999216794967651,440.56573486328125,371.2847900390625,0.9999176263809204,464.3363342285156,388.431396484375,0.9999228715896606,418.2950439453125,276.05792236328125,0.9999979734420776,440.7125244140625,257.49884033203125,0.9999785423278809,469.4624328613281,261.15533447265625,0.9999868869781494,492.4672546386719,314.7703857421875,0.9999144077301025
73,395.6453552246094,371.0004577636719,0.999981164932251,414.0015869140625,367.4888000488281,0.999947190284729,438.73211669921875,373.2932434082031,0.9999072551727295,463.89007568359375,389.2944641113281,0.9999349117279053,418.5265197753906,276.9595947265625,0.9999977350234985,441.0148620605469,257.92999267578125,0.999983549118042,469.86968994140625,261.466064453125,0.9999890327453613,492.6132507324219,315.3468322753906,0.9999196529388428
74,393.4415588378906,374.3583068847656,0.9999696016311646,411.3619689941406,367.9205627441406,0.9999330043792725,436.7000427246094,373.8464050292969,0.9999277591705322,460.991943359375,392.2171325683594,0.9998873472213745,418.5962219238281,276.9595947265625,0.9999978542327881,441.2430114746094,257.92999267578125,0.9999854564666748,469.9579772949219,261.7038879394531,0.9999836683273315,492.8119201660156,317.0690002441406,0.999902606010437
75,393.1229553222656,374.3583068847656,0.9999576807022095,410.75177001953125,370.51068115234375,0.999987006187439,435.20465087890625,375.7392883300781,0.9999154806137085,459.88690185546875,393.46368408203125,0.9998828172683716,418.5962219238281,277.3611755371094,0.9999974966049194,441.34490966796875,258.0418395996094,0.9999839067459106,470.2381286621094,261.8579406738281,0.9999828338623047,493.0223388671875,317.0944519042969,0.9998972415924072
76,389.8291931152344,373.5765686035156,0.9999804496765137,407.1509094238281,370.51068115234375,0.9999390840530396,433.38531494140625,377.0335693359375,0.9997624754905701,456.4026184082031,396.4117126464844,0.9999245405197144,418.6565856933594,277.3611755371094,0.9999979734420776,441.8042297363281,258.8457336425781,0.9999804496765137,470.3751220703125,262.91192626953125,0.9999761581420898,493.172119140625,319.8633117675781,0.9999673366546631
77,389.4629821777344,373.5765686035156,0.9999843835830688,406.831298828125,370.51068115234375,0.9999755620956421,432.39459228515625,377.1401062011719,0.9998514652252197,455.6124572753906,396.4463195800781,0.9998955726623535,418.5265197753906,276.33154296875,0.9999921321868896,442.01788330078125,258.9029846191406,0.9999920129776001,470.5629577636719,263.271728515625,0.9999696016311646,493.585205078125,320.2066650390625,0.9999606609344482
78,387.954833984375,370.8298645019531,0.999987006187439,405.9710693359375,369.99072265625,0.9999603033065796,431.9589538574219,377.1401062011719,0.9998140931129456,455.5533752441406,396.4463195800781,0.9999169111251831,418.49603271484375,275.9966125488281,0.9999979734420776,443.07073974609375,259.0315246582031,0.9999909400939941,470.5629577636719,264.15655517578125,0.999957799911499,493.6100158691406,320.22772216796875,0.9999687671661377
79,385.5923767089844,370.5071716308594,0.9999771118164062,403.86212158203125,369.4969177246094,0.9999785423278809,430.4046325683594,377.0335693359375,0.9998705387115479,453.5373229980469,396.98480224609375,0.9999430179595947,417.3003234863281,275.47784423828125,0.9999971389770508,443.2821044921875,259.0315246582031,0.9999910593032837,470.2998352050781,265.2176818847656,0.9999780654907227,493.6982727050781,320.6919860839844,0.9999635219573975
80,383.4842224121094,370.25384521484375,0.9999183416366577,402.8141784667969,369.3153991699219,0.9999732971191406,429.3164978027344,376.3403625488281,0.9997180104255676,453.26239013671875,396.98480224609375,0.9999406337738037,416.9671936035156,275.3465576171875,0.9999969005584717,444.507080078125,258.8457336425781,0.9999922513961792,470.2998352050781,266.08331298828125,0.9999829530715942,493.6982727050781,321.4292297363281,0.999968409538269
81,382.88726806640625,368.3004455566406,0.9999449253082275,402.4035339355469,369.3058166503906,0.9999637603759766,427.5943908691406,376.30084228515625,0.9995798468589783,452.52325439453125,395.4294128417969,0.9998559951782227,416.2123107910156,273.96136474609375,0.9999929666519165,444.5252990722656,258.68475341796875,0.9999908208847046,470.2998352050781,266.2834777832031,0.9999865293502808,494.260498046875,321.7934265136719,0.9999568462371826
82,381.70745849609375,368.3004455566406,0.9998788833618164,401.9011535644531,368.7298889160156,0.9999232292175293,427.1269226074219,376.29705810546875,0.9998080134391785,451.3253479003906,395.28680419921875,0.9999145269393921,416.2123107910156,272.4191589355469,0.9999748468399048,446.9323425292969,257.9436950683594,0.999980092048645,470.2998352050781,267.0524597167969,0.9999895095825195,495.8775634765625,321.7934265136719,0.9999805688858032
83,381.5042419433594,367.1090393066406,0.9998326301574707,400.8534240722656,368.4004821777344,0.9998719692230225,426.67626953125,376.15753173828125,0.9996147155761719,451.1710205078125,395.28680419921875,0.9998341798782349,415.9693298339844,270.5481262207031,0.9999809265136719,449.15032958984375,257.25372314453125,0.9999713897705078,471.1826477050781,267.0524597167969,0.9999792575836182,496.6589050292969,321.731689453125,0.9999842643737793
84,381.5042419433594,366.6436462402344,0.999931812286377,400.8534240722656,367.2669372558594,0.9998966455459595,426.67626953125,373.7912902832031,0.9995206594467163,451.1710205078125,394.4654541015625,0.9999111890792847,415.9693298339844,269.0751953125,0.9999868869781494,449.9614562988281,257.15179443359375,0.9999841451644897,473.8246765136719,267.0524597167969,0.999946117401123,497.9627380371094,321.4292297363281,0.9999892711639404
85,381.5042419433594,363.43994140625,0.9999068975448608,400.8534240722656,364.2637023925781,0.9999539852142334,426.67626953125,371.27581787109375,0.999755322933197,451.1710205078125,392.34521484375,0.9998562335968018,416.7816467285156,267.5627746582031,0.9999812841415405,450.589111328125,255.20919799804688,0.9999792575836182,476.9531555175781,267.028564453125,0.9999419450759888,498.6204833984375,320.232421875,0.9999886751174927
86,382.11859130859375,360.6604919433594,0.9998806715011597,402.35614013671875,363.2791442871094,0.9998726844787598,429.0000915527344,370.8514709472656,0.9998495578765869,452.1541442871094,389.8774108886719,0.9998944997787476,416.83612060546875,265.0758972167969,0.9999783039093018,452.1126403808594,254.78594970703125,0.9999834299087524,479.2994079589844,265.6844787597656,0.9999240636825562,500.5111389160156,317.8831787109375,0.9999803304672241
87,382.30096435546875,360.65869140625,0.9998058676719666,403.47344970703125,362.3471984863281,0.999902606010437,429.2805480957031,369.8631286621094,0.999887228012085,452.8801574707031,388.8118591308594,0.9998986721038818,418.01416015625,263.507568359375,0.9999908208847046,455.29541015625,253.8637237548828,0.9999821186065674,481.7110595703125,264.646728515625,0.9999626874923706,502.34521484375,316.9451904296875,0.9999802112579346
88,386.6947021484375,358.6462097167969,0.9999699592590332,407.8417053222656,359.92913818359375,0.9998962879180908,433.33807373046875,367.62176513671875,0.9997184872627258,457.686279296875,386.65850830078125,0.999890923500061,418.53668212890625,262.3277587890625,0.9999948740005493,455.3527526855469,251.87535095214844,0.9999831914901733,484.321533203125,263.3613586425781,0.9999755620956421,504.114013671875,315.8929443359375,0.999974250793457
89,389.7390441894531,357.22735595703125,0.9999810457229614,410.6616516113281,358.96246337890625,0.9999250173568726,435.0834655761719,367.0612487792969,0.9998000264167786,457.8774719238281,386.02886962890625,0.9999308586120605,420.19488525390625,259.6319580078125,0.9999980926513672,457.0138244628906,251.2590789794922,0.9999526739120483,486.7363586425781,262.9993591308594,0.99996018409729,505.917724609375,315.8127136230469,0.9999325275421143
90,389.81036376953125,356.9968566894531,0.9999542236328125,411.20233154296875,358.3173828125,0.9998970031738281,435.89202880859375,366.4372863769531,0.9998886585235596,457.9774475097656,385.7803649902344,0.9999306201934814,422.3271789550781,258.2969970703125,0.9999969005584717,458.9583435058594,249.13697814941406,0.9999696016311646,489.87152099609375,261.5876770019531,0.9999611377716064,507.7746276855469,314.3283996582031,0.99991774559021
91,391.58758544921875,355.6420593261719,0.9999676942825317,412.22601318359375,358.2409362792969,0.9999374151229858,437.57281494140625,367.0612487792969,0.999839186668396,459.992431640625,386.02886962890625,0.9998642206192017,423.7034912109375,256.9408264160156,0.9999895095825195,460.95513916015625,248.0699462890625,0.9999768733978271,493.37994384765625,260.6474609375,0.9999796152114868,510.4892578125,313.3417663574219,0.999934196472168
92,394.90771484375,355.6420593261719,0.9999692440032959,416.058349609375,358.2409362792969,0.9999653100967407,440.0460205078125,367.62176513671875,0.9998630285263062,462.6198425292969,386.65850830078125,0.9998910427093506,426.9771423339844,256.5248107910156,0.9999834299087524,463.46728515625,246.24432373046875,0.9999767541885376,495.02423095703125,259.6689147949219,0.9999735355377197,512.8704223632812,312.5464172363281,0.9999699592590332
93,397.8246765136719,355.6420593261719,0.9999653100967407,418.5115966796875,358.2409362792969,0.999976634979248,441.7792663574219,368.2926330566406,0.9999029636383057,463.9513244628906,387.21514892578125,0.9999386072158813,431.1441345214844,256.3048400878906,0.9999723434448242,467.9371032714844,245.42941284179688,0.999993085861206,497.4850769042969,258.4179382324219,0.9999849796295166,515.0035400390625,310.31256103515625,0.9999923706054688
94,401.7939147949219,356.995849609375,0.999976396560669,421.34625244140625,358.2409362792969,0.9999727010726929,442.739501953125,368.3779602050781,0.999883770942688,466.9635925292969,388.2469482421875,0.9999631643295288,432.30535888671875,256.0743713378906,0.999971866607666,470.58380126953125,244.07325744628906,0.9999852180480957,498.684814453125,257.41082763671875,0.9999865293502808,517.5810546875,309.551025390625,0.9999921321868896
95,404.8192443847656,356.995849609375,0.99998939037323,424.35406494140625,358.2409362792969,0.9999738931655884,445.330322265625,368.3779602050781,0.9999477863311768,468.36883544921875,388.2469482421875,0.9999750852584839,433.8224182128906,256.3048400878906,0.999983549118042,470.9598388671875,243.81275939941406,0.9999817609786987,499.1763000488281,256.6353759765625,0.9999802112579346,518.8882446289062,309.5038146972656,0.9999874830245972
96,404.99896240234375,356.995849609375,0.9999889135360718,424.4589538574219,358.357177734375,0.9999473094940186,446.0694885253906,368.72332763671875,0.9999392032623291,469.403564453125,388.2469482421875,0.9999686479568481,436.34759521484375,256.3048400878906,0.9999901056289673,470.965087890625,243.81275939941406,0.9999836683273315,499.36749267578125,256.5923767089844,0.9999730587005615,519.49951171875,309.5038146972656,0.9999841451644897
97,407.132080078125,356.995849609375,0.9999771118164062,425.391357421875,358.357177734375,0.999984860420227,446.98626708984375,368.72332763671875,0.9999163150787354,471.39520263671875,388.4125671386719,0.9999520778656006,436.70159912109375,258.2468566894531,0.9999966621398926,470.965087890625,243.81275939941406,0.9999798536300659,499.3746337890625,256.5923767089844,0.9999796152114868,520.2869873046875,309.5038146972656,0.9999737739562988
98,408.1835021972656,356.995849609375,0.9999895095825195,426.1162414550781,358.357177734375,0.9999717473983765,448.035400390625,368.90020751953125,0.9998456239700317,472.92010498046875,388.99566650390625,0.9999396800994873,438.54913330078125,259.1953430175781,0.999996542930603,471.0007629394531,244.2805633544922,0.9999818801879883,499.72296142578125,256.6353759765625,0.999980092048645,520.53125,309.5174255371094,0.999964714050293
99,408.5673828125,357.47003173828125,0.9999845027923584,426.5385437011719,359.3902587890625,0.9999661445617676,448.2261962890625,369.74249267578125,0.9998718500137329,472.959228515625,389.310546875,0.9997685551643372,439.127197265625,260.93157958984375,0.9999960660934448,471.25677490234375,245.32276916503906,0.9999845027923584,499.85333251953125,257.1211853027344,0.9999849796295166,521.1491088867188,310.8257141113281,0.9999417066574097
100,409.7399597167969,358.4651794433594,0.999913215637207,427.6833801269531,359.419189453125,0.9999488592147827,449.1658935546875,370.03704833984375,0.9999276399612427,475.6642761230469,390.1334228515625,0.999947190284729,439.2403564453125,262.0707702636719,0.9999934434890747,471.25677490234375,246.17095947265625,0.9999836683273315,500.1596374511719,257.472412109375,0.999987006187439,522.0905151367188,311.5121154785156,0.9999321699142456
101,412.565673828125,361.1950378417969,0.9999908208847046,429.5791931152344,361.0295104980469,0.9999685287475586,451.52081298828125,370.5654296875,0.999945878982544,477.71649169921875,391.81378173828125,0.9999551773071289,442.24957275390625,262.31634521484375,0.9999927282333374,471.48687744140625,246.8186798095703,0.9999790191650391,500.4460754394531,257.7030944824219,0.9999861717224121,522.820068359375,311.7941589355469,0.9999270439147949
102,413.4253845214844,361.8777160644531,0.9999629259109497,429.5791931152344,362.1372985839844,0.9999438524246216,451.9039611816406,371.855224609375,0.9999707937240601,479.05194091796875,392.29376220703125,0.9998778104782104,442.5579528808594,265.5523986816406,0.9999674558639526,471.7125244140625,247.571044921875,0.9999731779098511,500.7720947265625,258.1363525390625,0.9999884366989136,523.0227661132812,313.2190856933594,0.9998579025268555
103,413.68426513671875,363.3756408691406,0.9999262094497681,430.72918701171875,362.7336120605469,0.9999687671661377,452.8004455566406,372.885986328125,0.9999604225158691,479.2783203125,393.9262390136719,0.9999034404754639,443.5999450683594,267.25177001953125,0.9999669790267944,471.7168884277344,249.4178924560547,0.9999750852584839,500.7720947265625,259.1910095214844,0.9999874830245972,523.1384887695312,313.64813232421875,0.9998729228973389
104,414.82318115234375,365.7283630371094,0.9999521970748901,431.3475036621094,364.86309814453125,0.9999603033065796,453.003173828125,374.92999267578125,0.999921441078186,479.7824401855469,397.4547119140625,0.9999078512191772,444.3830261230469,268.43414306640625,0.9999730587005615,472.07037353515625,250.03514099121094,0.9999651908874512,500.7720947265625,259.4347229003906,0.99998939037323,523.7367553710938,314.4418029785156,0.9998800754547119
105,414.82318115234375,365.7283630371094,0.9999383687973022,431.3475036621094,364.86309814453125,0.9999170303344727,453.003173828125,374.92999267578125,0.9998756647109985,479.7824401855469,397.4547119140625,0.9999146461486816,444.3830261230469,268.43414306640625,0.9999749660491943,472.07037353515625,250.03514099121094,0.9999724626541138,500.6703796386719,259.4347229003906,0.9999908208847046,523.7367553710938,314.4418029785156,0.9998906850814819
106,413.68426513671875,365.7283630371094,0.9999799728393555,429.3688049316406,364.86309814453125,0.9999897480010986,451.9039611816406,374.92999267578125,0.9998500347137451,479.2783203125,397.4547119140625,0.9999454021453857,444.3830261230469,268.43414306640625,0.9999775886535645,472.07037353515625,250.03514099121094,0.999987006187439,500.5009765625,259.4347229003906,0.9999896287918091,523.7367553710938,314.4418029785156,0.9998884201049805
