scorer,DLC_resnet152_t011222_colorDec2shuffle1_500000,DLC_resnet152_t011222_colorDec2shuffle1_500000,DLC_resnet152_t011222_colorDec2shuffle1_500000,DLC_resnet152_t011222_colorDec2shuffle1_500000,DLC_resnet152_t011222_colorDec2shuffle1_500000,DLC_resnet152_t011222_colorDec2shuffle1_500000,DLC_resnet152_t011222_colorDec2shuffle1_500000,DLC_resnet152_t011222_colorDec2shuffle1_500000,DLC_resnet152_t011222_colorDec2shuffle1_500000,DLC_resnet152_t011222_colorDec2shuffle1_500000,DLC_resnet152_t011222_colorDec2shuffle1_500000,DLC_resnet152_t011222_colorDec2shuffle1_500000,DLC_resnet152_t011222_colorDec2shuffle1_500000,DLC_resnet152_t011222_colorDec2shuffle1_500000,DLC_resnet152_t011222_colorDec2shuffle1_500000,DLC_resnet152_t011222_colorDec2shuffle1_500000,DLC_resnet152_t011222_colorDec2shuffle1_500000,DLC_resnet152_t011222_colorDec2shuffle1_500000,DLC_resnet152_t011222_colorDec2shuffle1_500000,DLC_resnet152_t011222_colorDec2shuffle1_500000,DLC_resnet152_t011222_colorDec2shuffle1_500000,DLC_resnet152_t011222_colorDec2shuffle1_500000,DLC_resnet152_t011222_colorDec2shuffle1_500000,DLC_resnet152_t011222_colorDec2shuffle1_500000,DLC_resnet152_t011222_colorDec2shuffle1_500000,DLC_resnet152_t011222_colorDec2shuffle1_500000,DLC_resnet152_t011222_colorDec2shuffle1_500000
bodyparts,wrist,wrist,wrist,base2,base2,base2,base3,base3,base3,base4,base4,base4,base5,base5,base5,tip2,tip2,tip2,tip3,tip3,tip3,tip4,tip4,tip4,tip5,tip5,tip5
coords,x,y,likelihood,x,y,likelihood,x,y,likelihood,x,y,likelihood,x,y,likelihood,x,y,likelihood,x,y,likelihood,x,y,likelihood,x,y,likelihood
0,699.2835693359375,537.6216430664062,0.0009740293025970459,700.8818969726562,539.3491821289062,0.0013910233974456787,698.9735717773438,541.2750854492188,0.0010059773921966553,638.1279296875,491.8494567871094,0.00039392709732055664,697.469970703125,543.1325073242188,0.0011187195777893066,639.0379638671875,490.53973388671875,0.999967098236084,665.3624877929688,485.6342468261719,0.9992773532867432,684.1002807617188,488.9989929199219,0.5604923367500305,695.4692993164062,534.2469482421875,0.997853696346283
1,621.99169921875,597.4987182617188,0.001528412103652954,586.0762939453125,592.052734375,0.9797437191009521,606.5421752929688,597.32421875,0.6973099708557129,631.9181518554688,603.7884521484375,0.001642465591430664,653.4671020507812,609.2564697265625,0.0006046891212463379,640.099609375,492.7174072265625,0.9936656951904297,662.0068969726562,490.68914794921875,0.9500925540924072,692.97705078125,528.4165649414062,0.18293344974517822,698.0966186523438,534.3370361328125,0.15832862257957458
2,623.150146484375,597.926513671875,0.0002371072769165039,591.5672607421875,594.7622680664062,0.8452079892158508,608.1845092773438,598.3050537109375,0.35027530789375305,627.5243530273438,604.6019287109375,8.347630500793457e-05,636.21337890625,489.58203125,5.316734313964844e-05,638.9675903320312,492.5052795410156,0.9832831621170044,660.9852294921875,490.8018798828125,0.7837969064712524,693.6351318359375,530.5744018554688,0.014773637056350708,696.7767944335938,536.4201049804688,0.00012797117233276367
3,621.20068359375,597.49951171875,0.002110600471496582,584.6642456054688,591.4110717773438,0.9943219423294067,605.6769409179688,596.8399047851562,0.301461398601532,654.3931274414062,493.69342041015625,0.0001665055751800537,636.0216674804688,490.0863037109375,0.0003973245620727539,639.8681030273438,493.6025390625,0.9974541664123535,659.9630737304688,491.9083251953125,0.9574637413024902,680.35546875,492.7664794921875,0.06945878267288208,694.0422973632812,536.0665283203125,0.15145230293273926
4,617.0537719726562,609.1224365234375,0.0011765360832214355,586.722900390625,592.655029296875,0.9977160692214966,608.0918579101562,599.1712036132812,0.8223981857299805,630.3818969726562,609.6724853515625,0.0054779052734375,697.5659790039062,543.4302978515625,0.0008455812931060791,636.5338134765625,493.56573486328125,0.9956179857254028,659.5798950195312,491.5874328613281,0.999793291091919,680.284912109375,492.0494079589844,0.9752614498138428,695.0221557617188,534.2520141601562,0.9647234678268433
5,650.2357788085938,492.2436218261719,0.0011680126190185547,648.63037109375,490.8576354980469,0.0005634427070617676,652.4774169921875,497.56231689453125,0.0009203255176544189,651.5925903320312,494.9788513183594,0.0008327960968017578,638.145263671875,490.298583984375,0.0008646547794342041,635.4201049804688,497.8072509765625,0.9742602705955505,653.3721313476562,490.5709533691406,0.9995314478874207,674.8168334960938,492.59710693359375,0.9995595216751099,697.814697265625,533.927734375,0.5641132593154907
6,624.8506469726562,591.532470703125,0.7418766617774963,582.1205444335938,597.1088256835938,0.014987945556640625,606.5921630859375,597.9091796875,0.0002892911434173584,694.9620971679688,523.7431030273438,8.851289749145508e-06,695.6028442382812,543.5248413085938,6.22868537902832e-05,637.9732666015625,493.6783752441406,0.9667291045188904,662.378173828125,494.8379211425781,0.43242478370666504,698.6305541992188,520.7792358398438,0.03838646411895752,700.771728515625,531.4563598632812,0.03230896592140198
7,616.7010498046875,603.9535522460938,0.0023305416107177734,591.1685791015625,587.067138671875,0.9993515014648438,608.9950561523438,594.4271850585938,0.9886196851730347,628.7559204101562,601.24951171875,0.0005685687065124512,697.0875244140625,543.9729614257812,0.0006158053874969482,635.0403442382812,497.71826171875,0.9540735483169556,656.6962890625,492.1659240722656,0.9992364645004272,679.4803466796875,491.41778564453125,0.9981131553649902,696.2861328125,532.8939819335938,0.9968528747558594
8,624.1510009765625,601.0985107421875,0.009968549013137817,582.740234375,593.7471923828125,0.8820501565933228,605.8632202148438,601.545654296875,0.6048070788383484,634.5277099609375,609.474853515625,0.012124508619308472,655.705078125,620.9786987304688,0.0013793408870697021,639.5348510742188,492.2322692871094,0.9998904466629028,665.577392578125,490.72174072265625,0.9984428882598877,681.7806396484375,491.5099182128906,0.6139202117919922,696.0553588867188,535.1444702148438,0.9583801031112671
9,613.74609375,605.5950317382812,0.0002225339412689209,587.5087890625,585.667724609375,0.6896847486495972,607.5189819335938,594.9464721679688,0.020180463790893555,625.6514282226562,604.3292236328125,0.00012761354446411133,649.1389770507812,617.5704956054688,8.857250213623047e-05,637.88525390625,494.2331237792969,0.8729959726333618,663.5903930664062,493.459716796875,0.6149492859840393,693.1296997070312,529.2723999023438,0.07951030135154724,695.1607055664062,534.2133178710938,0.16413679718971252
10,624.9403076171875,607.0885009765625,0.002240389585494995,586.865478515625,589.7202758789062,0.9955365657806396,609.8975830078125,598.5596313476562,0.7426130771636963,633.3572998046875,611.2711791992188,0.0015752613544464111,652.9501953125,624.2913208007812,0.0008291006088256836,639.2489013671875,491.78326416015625,0.20277157425880432,662.1917724609375,496.90277099609375,0.011974513530731201,693.0557861328125,528.5316772460938,0.2540588974952698,697.7627563476562,534.0195922851562,0.12236484885215759
11,625.3214721679688,597.8786010742188,0.0007366538047790527,586.0659790039062,588.36572265625,0.799356997013092,609.001953125,596.608154296875,0.1699427366256714,634.096435546875,603.7080078125,0.00017470121383666992,696.1821899414062,543.2244873046875,0.0008248686790466309,638.5663452148438,494.3916931152344,0.9979909658432007,663.1697998046875,492.72100830078125,0.9649810194969177,692.8883666992188,529.4342651367188,0.43474555015563965,696.0202026367188,536.6634521484375,0.7990190386772156
12,622.7084350585938,604.7489624023438,0.0026868879795074463,701.4252319335938,538.580322265625,0.0019381344318389893,699.0799560546875,540.5888671875,0.0013707876205444336,632.3869018554688,608.5855102539062,0.0017198026180267334,697.625,544.477294921875,0.0013598203659057617,637.0983276367188,497.6132507324219,0.9999448657035828,663.7599487304688,494.1686706542969,0.9927794933319092,692.4308471679688,528.5400390625,0.9788713455200195,697.1473999023438,535.8539428710938,0.9964393377304077
13,626.3121948242188,593.5457763671875,0.0030265450477600098,589.6030883789062,585.6730346679688,0.004401445388793945,700.2857055664062,541.111328125,0.00014582276344299316,695.1970825195312,537.020751953125,4.83095645904541e-05,695.328857421875,543.1779174804688,0.0003777742385864258,636.1972045898438,493.3058166503906,0.7782435417175293,660.450927734375,493.3219909667969,0.14896804094314575,693.082763671875,529.1141967773438,0.039070457220077515,695.662841796875,535.563232421875,0.9651557207107544
14,699.281494140625,537.726318359375,0.0006661415100097656,591.0303955078125,589.5602416992188,0.00940510630607605,698.5062866210938,540.9954223632812,0.0008083879947662354,695.3062744140625,539.2704467773438,0.00029546022415161133,698.1611328125,545.3613891601562,0.0010152757167816162,637.5817260742188,497.562744140625,0.9076113700866699,660.5984497070312,499.0379333496094,0.8307330012321472,693.2538452148438,524.8758544921875,0.8520582318305969,697.4176635742188,534.3015747070312,0.9934156537055969
15,622.9090576171875,595.63134765625,0.004075437784194946,583.374755859375,593.3592529296875,0.989090085029602,607.0803833007812,598.2547607421875,0.27024152874946594,632.0476684570312,604.1140747070312,0.0017702281475067139,634.90771484375,489.4955749511719,0.0003546476364135742,641.404296875,491.5997009277344,0.9998846054077148,665.39013671875,489.5004577636719,0.992530107498169,682.76416015625,492.1549377441406,0.7433409690856934,700.6487426757812,532.2318115234375,0.5252478122711182
16,625.3167724609375,592.9707641601562,0.0038229823112487793,585.28173828125,592.0839233398438,0.9905951023101807,606.6324462890625,598.7618408203125,0.860568642616272,628.5120239257812,603.97900390625,0.00046065449714660645,697.4737548828125,544.710693359375,0.0018256008625030518,638.2804565429688,494.5980529785156,0.9999549388885498,665.013427734375,491.5845031738281,0.9996901750564575,687.2063598632812,496.5357666015625,0.682737410068512,697.2921142578125,534.3577270507812,0.9937043786048889
17,622.4393310546875,596.8764038085938,0.12115895748138428,580.9570922851562,594.6482543945312,0.7347569465637207,602.6109619140625,599.1656494140625,0.016642600297927856,695.6480102539062,539.194091796875,0.00030726194381713867,697.0,543.94580078125,0.0023894309997558594,638.3748168945312,489.8224182128906,0.9974875450134277,663.3021240234375,491.1858215332031,0.9941287040710449,693.8504638671875,526.79931640625,0.6685396432876587,698.51123046875,534.1047973632812,0.9589585661888123
18,639.2359008789062,491.56689453125,0.00025469064712524414,634.3960571289062,500.0749816894531,0.0003572702407836914,641.0140991210938,497.7292175292969,0.0001468658447265625,637.27294921875,492.3807678222656,6.386637687683105e-05,636.5932006835938,489.69207763671875,0.0002753734588623047,638.3038940429688,494.16851806640625,0.9963988065719604,663.3675537109375,489.6732482910156,0.9952573776245117,680.4163208007812,492.6387023925781,0.24453917145729065,694.9788208007812,534.8804321289062,0.0015321969985961914
19,640.3079223632812,491.1483459472656,0.0005008578300476074,582.15380859375,594.1461181640625,0.0006203949451446533,667.9275512695312,497.98626708984375,0.0002589225769042969,666.2823486328125,495.1995544433594,0.0007970929145812988,696.9929809570312,543.3771362304688,0.0012430846691131592,638.5468139648438,495.2508544921875,0.9999194145202637,663.7632446289062,490.9989013671875,0.999897837638855,681.2197875976562,495.4904479980469,0.8170404434204102,699.4236450195312,532.3112182617188,0.8521988391876221
20,647.5193481445312,496.43865966796875,9.894371032714844e-06,580.4168701171875,594.5017700195312,0.24193066358566284,598.8150634765625,597.336669921875,6.091594696044922e-05,637.374755859375,491.18536376953125,4.172325134277344e-07,635.8041381835938,488.937744140625,4.202127456665039e-06,638.7699584960938,493.5797119140625,0.14402616024017334,747.5284423828125,404.9342346191406,0.0052664875984191895,0.2808823585510254,-3.0938940048217773,2.473592758178711e-06,635.5328369140625,493.4761657714844,2.652406692504883e-06
21,623.4129638671875,596.6604614257812,0.00640183687210083,583.3990478515625,591.0879516601562,0.8914238810539246,605.9360961914062,599.4126586914062,0.3929257392883301,638.0828247070312,491.264404296875,0.00014320015907287598,636.7802734375,489.5550842285156,0.00029721856117248535,637.8626708984375,493.12652587890625,0.9995423555374146,659.5825805664062,490.2652587890625,0.9972165822982788,679.3236694335938,490.2532043457031,0.9709240198135376,693.260009765625,536.7940063476562,0.046620339155197144
22,624.4385986328125,596.0841674804688,0.3017953038215637,584.2588500976562,591.281005859375,0.9020847082138062,607.4299926757812,597.3500366210938,0.7349416613578796,632.3843383789062,605.79833984375,0.007006436586380005,654.2106323242188,614.1511840820312,0.0015910863876342773,637.6847534179688,492.9954833984375,0.9955493211746216,659.904052734375,495.4969787597656,0.5794894099235535,692.2420043945312,528.98876953125,0.7624035477638245,696.65234375,537.2894897460938,0.9903619289398193
23,700.137939453125,538.0935668945312,0.0005147755146026611,585.5870971679688,592.337890625,0.025173217058181763,607.4681396484375,599.472900390625,0.05702492594718933,638.2705688476562,605.5029907226562,0.00035840272903442383,697.4244995117188,543.9822998046875,0.001878201961517334,640.5592041015625,492.4710693359375,0.9983290433883667,662.8152465820312,491.2095947265625,0.9690452814102173,693.3280639648438,528.4413452148438,0.9930350184440613,697.4708251953125,534.7152099609375,0.8314533829689026
24,699.298095703125,519.7024536132812,0.0004380643367767334,582.8738403320312,590.347412109375,0.9820338487625122,606.821044921875,597.425048828125,0.11261722445487976,697.5125732421875,523.048828125,0.0003021061420440674,696.7108764648438,543.779296875,0.000646442174911499,639.18017578125,492.37188720703125,0.9977020025253296,667.6524047851562,489.66650390625,0.9197080135345459,693.2868041992188,521.8521728515625,0.32785022258758545,696.1397094726562,532.2308349609375,0.969481348991394
25,621.5108032226562,596.6004638671875,0.002012491226196289,636.1573486328125,502.1608581542969,0.00019598007202148438,641.775634765625,499.7805480957031,9.310245513916016e-05,666.7427368164062,494.1049499511719,0.00017344951629638672,649.6613159179688,612.6350708007812,0.0008133053779602051,640.1527099609375,490.0954895019531,0.9963297247886658,662.41552734375,490.0987243652344,0.989996612071991,679.0967407226562,491.8497009277344,0.48277580738067627,693.8103637695312,533.5906372070312,0.0003796517848968506
26,622.8556518554688,599.3197631835938,0.08229967951774597,584.6819458007812,598.15234375,0.9448596239089966,603.1574096679688,607.0425415039062,0.09163790941238403,655.6602783203125,494.8206481933594,0.00011390447616577148,696.8452758789062,544.2264404296875,0.0006032288074493408,642.9114990234375,491.6161193847656,0.9992029666900635,664.6784057617188,492.82525634765625,0.9922226071357727,682.006103515625,493.8652038574219,0.47366732358932495,697.760986328125,534.9481201171875,0.9802027940750122
27,615.1650390625,610.9000854492188,0.006723582744598389,587.8380737304688,584.8021850585938,0.20924794673919678,607.110595703125,596.75048828125,0.16609281301498413,631.123046875,610.5487670898438,0.09217137098312378,652.012451171875,618.0660400390625,0.09393712878227234,635.9270629882812,497.2402038574219,0.9959391355514526,652.6738891601562,497.2751159667969,0.8819853067398071,691.9493408203125,529.2326049804688,0.8288698196411133,696.6177368164062,537.0836181640625,0.9720898866653442
28,624.0842895507812,596.42041015625,0.00019532442092895508,698.8310546875,539.0650634765625,6.318092346191406e-05,699.6602783203125,541.7704467773438,3.4481287002563477e-05,631.3091430664062,608.16455078125,4.6193599700927734e-05,697.013671875,543.681884765625,0.00013399124145507812,641.5217895507812,486.9344177246094,0.023280829191207886,747.3059692382812,405.5959777832031,0.0019246935844421387,694.4149780273438,530.4124755859375,0.24014019966125488,697.8350219726562,533.51611328125,0.12960708141326904
29,660.8707885742188,514.4085693359375,2.384185791015625e-07,1.0840404033660889,5.540853500366211,1.3709068298339844e-06,-7.664048194885254,5.082662105560303,1.8477439880371094e-06,1.346212387084961,-3.48817777633667,1.1920928955078125e-07,5.406352996826172,-0.21526241302490234,0.0,641.9014892578125,496.3096923828125,1.3440847396850586e-05,748.3682250976562,407.3281555175781,0.0010911822319030762,0.8654696941375732,-2.4683918952941895,5.930662155151367e-06,-1.463827133178711,-3.283590316772461,5.066394805908203e-07
30,647.2530517578125,498.632568359375,3.7848949432373047e-06,588.27587890625,594.1871948242188,0.017378807067871094,605.9519653320312,598.6350708007812,0.0004982352256774902,637.7952270507812,491.1163330078125,1.4901161193847656e-07,635.4411010742188,488.93499755859375,6.258487701416016e-07,637.3319702148438,491.326416015625,0.05718994140625,659.7500610351562,495.6689758300781,0.0001322031021118164,0.29313039779663086,-3.177609443664551,2.5331974029541016e-06,634.7881469726562,493.1226806640625,5.364418029785156e-07
31,624.4874877929688,594.2789916992188,0.003918319940567017,586.3250732421875,587.3262329101562,0.9970532655715942,606.5120849609375,595.7762451171875,0.5592046976089478,637.9178466796875,492.2575988769531,1.6182661056518555e-05,635.9195556640625,489.8380126953125,5.048513412475586e-05,639.7279663085938,491.88275146484375,0.9966034889221191,664.167724609375,494.9442443847656,0.1797134280204773,685.3025512695312,496.3034362792969,0.0018287301063537598,692.5390625,535.4732055664062,0.00018164515495300293
32,659.9432373046875,513.3055419921875,6.0498714447021484e-06,750.7217407226562,398.3652038574219,3.337860107421875e-06,-7.303012847900391,4.161508560180664,6.854534149169922e-07,697.9004516601562,521.6864624023438,1.6093254089355469e-06,695.53955078125,522.6663818359375,4.708766937255859e-06,641.3368530273438,495.4683837890625,0.0010035037994384766,746.8115844726562,402.4748229980469,0.8784093260765076,692.4552612304688,530.6685791015625,0.020761072635650635,695.2954711914062,533.2634887695312,0.001822441816329956
33,623.1936645507812,593.1636962890625,0.502568781375885,584.835693359375,592.770751953125,0.9701621532440186,607.4451293945312,596.8461303710938,0.5416984558105469,695.8416748046875,538.3667602539062,0.00022163987159729004,696.3848266601562,543.9436645507812,0.0011603236198425293,638.868896484375,493.9703674316406,0.9994596242904663,664.181640625,490.7848815917969,0.998763918876648,681.1253051757812,494.65679931640625,0.7103427052497864,696.6719970703125,535.7950439453125,0.9619805812835693
34,623.4655151367188,599.7763671875,0.009588360786437988,580.9424438476562,592.8204345703125,0.9564902782440186,605.8638305664062,599.5709838867188,0.9101889729499817,632.768798828125,609.952880859375,0.0944909155368805,656.2503051757812,623.5879516601562,0.0020484328269958496,638.3377075195312,495.8558349609375,0.8315926790237427,658.7371826171875,495.6706848144531,0.385713130235672,692.8550415039062,523.9808349609375,0.8345894813537598,696.5802612304688,535.2916870117188,0.8589549660682678
35,700.5082397460938,537.0978393554688,0.0009247362613677979,590.0162963867188,592.1757202148438,0.994502604007721,609.42578125,598.9081420898438,0.9725820422172546,631.0706176757812,608.8262939453125,0.9764046669006348,654.6427612304688,622.0933837890625,0.9056939482688904,641.7982177734375,491.4770812988281,0.9978291392326355,666.7110595703125,489.9818115234375,0.9969027042388916,684.9381713867188,493.6779479980469,0.8156284093856812,697.4696655273438,535.9710693359375,0.9922652244567871
36,615.223388671875,608.4671630859375,0.00023087859153747559,591.759033203125,590.0158081054688,0.2554049491882324,608.0164794921875,598.0132446289062,0.013006240129470825,696.2274780273438,538.8948974609375,8.64863395690918e-05,697.2734985351562,544.0577392578125,0.000441133975982666,638.286865234375,497.102783203125,0.9662312865257263,660.1278686523438,496.0445556640625,0.8318685293197632,679.0203247070312,495.4693298339844,0.48523378372192383,696.4300537109375,534.9568481445312,0.5598218441009521
37,645.3001098632812,496.36907958984375,0.0004679560661315918,584.615234375,596.56494140625,0.5525427460670471,607.0213012695312,599.18505859375,0.026280641555786133,637.877685546875,491.65606689453125,0.0001601576805114746,636.9762573242188,489.89862060546875,0.0003820359706878662,637.2830810546875,493.4875793457031,0.9985975027084351,655.9537353515625,493.78790283203125,0.8877187967300415,677.12890625,494.4928894042969,0.028716713190078735,692.1648559570312,533.4176025390625,0.002111285924911499
38,652.3746948242188,495.4177551269531,0.0004425644874572754,586.9600219726562,592.2821655273438,0.2798161506652832,605.7205810546875,599.597412109375,0.022816747426986694,666.0581665039062,494.3038330078125,0.00016111135482788086,683.2076416015625,547.4406127929688,0.00014534592628479004,641.2887573242188,494.0793762207031,0.9894201755523682,662.065673828125,494.35247802734375,0.9975947737693787,679.0012817382812,494.6203308105469,0.9900674819946289,694.0951538085938,533.4469604492188,0.42347145080566406
39,626.7987060546875,593.1190795898438,0.00012978911399841309,581.2911987304688,593.651123046875,0.09404563903808594,605.973388671875,596.9426879882812,0.01335054636001587,697.5818481445312,521.647705078125,5.155801773071289e-06,688.629638671875,545.6241455078125,3.510713577270508e-05,637.767333984375,497.1874084472656,0.5788329243659973,745.4055786132812,403.91192626953125,0.15791460871696472,694.703369140625,525.0648193359375,0.17492327094078064,696.2963256835938,534.4903564453125,0.011923342943191528
40,615.936279296875,611.032470703125,0.00031831860542297363,587.7566528320312,593.2276000976562,0.8553339242935181,606.1776733398438,602.5927734375,0.1741580069065094,627.3326416015625,610.4555053710938,2.014636993408203e-05,696.6552124023438,541.4526977539062,2.536177635192871e-05,639.6616821289062,493.177978515625,0.30576378107070923,658.3407592773438,493.4237060546875,0.00991523265838623,691.5282592773438,530.4466552734375,0.005261719226837158,693.9117431640625,533.7825317382812,0.04198133945465088
41,655.5023803710938,495.35260009765625,0.0006093680858612061,635.4533081054688,513.062744140625,0.0004884898662567139,653.2911376953125,499.21514892578125,0.0002766847610473633,638.9630737304688,491.9970703125,8.118152618408203e-05,696.47265625,543.2378540039062,0.0003160536289215088,641.4837646484375,491.10125732421875,0.9981396198272705,662.7047729492188,492.8633117675781,0.9591163396835327,692.6737670898438,520.44775390625,0.2869940400123596,695.5704345703125,532.7584228515625,0.9177334308624268
42,623.584716796875,600.2733154296875,0.013586223125457764,582.01416015625,597.917724609375,0.013207107782363892,600.4171142578125,605.84228515625,0.0027624964714050293,695.1075439453125,539.628662109375,0.00021022558212280273,698.316162109375,545.3173828125,0.0011058151721954346,643.2451782226562,497.3102722167969,0.0015656054019927979,660.2324829101562,494.2210388183594,0.07275983691215515,693.4953002929688,524.3450317382812,0.662825882434845,698.7116088867188,534.5587768554688,0.9674038290977478
43,623.09326171875,598.1407470703125,0.02022382616996765,585.7333984375,587.3820190429688,0.9973943829536438,607.8719482421875,598.8771362304688,0.9909452199935913,633.369384765625,604.4544677734375,0.1665041446685791,655.7273559570312,615.1098022460938,0.06737262010574341,642.0847778320312,489.9578857421875,0.22003838419914246,661.3020629882812,495.2625427246094,0.015333086252212524,695.4597778320312,529.078369140625,0.7758952379226685,698.7749633789062,534.7758178710938,0.7851183414459229
44,628.3706665039062,594.7960205078125,0.001195371150970459,585.2030639648438,589.16064453125,0.43602225184440613,607.7401123046875,596.984130859375,0.024991929531097412,696.24267578125,538.4503173828125,4.89354133605957e-05,698.29638671875,544.13671875,0.00032266974449157715,638.9605712890625,488.85888671875,0.849862813949585,663.2230834960938,487.1688537597656,0.91559237241745,679.515625,490.7137451171875,0.5255075693130493,695.8173828125,534.4447631835938,0.6330364942550659
45,625.1497192382812,591.40576171875,2.1845102310180664e-05,585.4736328125,590.9922485351562,0.007003873586654663,601.6917724609375,593.162353515625,5.170702934265137e-05,669.3697509765625,475.8746643066406,1.1920928955078125e-07,635.0504150390625,490.1499328613281,1.7881393432617188e-07,638.5271606445312,490.4522399902344,0.001363992691040039,656.5505981445312,493.19647216796875,0.00040012598037719727,676.8036499023438,493.6605529785156,0.0009581446647644043,-2.357184886932373,-2.090117931365967,2.384185791015625e-07
46,698.4208374023438,536.6210327148438,0.00015598535537719727,581.841796875,593.73974609375,0.011003613471984863,699.9999389648438,541.3241577148438,0.00013595819473266602,666.9432983398438,493.4070739746094,0.0004012882709503174,697.0953979492188,543.6777954101562,0.0003516077995300293,642.3268432617188,497.92181396484375,0.09040313959121704,663.02197265625,495.941650390625,0.9938724637031555,681.790283203125,496.3865051269531,0.7059966325759888,697.5623779296875,533.3662719726562,0.8782529830932617
47,627.3167724609375,591.4714965820312,0.00045058131217956543,587.975341796875,589.3560791015625,0.8495209217071533,608.4524536132812,596.7823486328125,0.16639479994773865,637.8812255859375,490.92144775390625,1.4334917068481445e-05,635.9724731445312,489.3324279785156,4.8547983169555664e-05,640.2577514648438,492.26055908203125,0.9852398633956909,656.1094970703125,491.4427490234375,0.03265884518623352,692.3056640625,531.1617431640625,0.00579109787940979,694.6015625,533.7591552734375,0.018890291452407837
48,699.4769897460938,536.5375366210938,0.0001621842384338379,589.3521728515625,587.5122680664062,0.9128211736679077,606.5178833007812,595.82763671875,0.1041409969329834,694.96630859375,537.6010131835938,7.146596908569336e-05,696.8489379882812,543.7764892578125,0.0006544589996337891,636.6602783203125,492.83306884765625,0.9855624437332153,658.3736572265625,491.01214599609375,0.23104453086853027,692.0827026367188,529.3903198242188,0.22885587811470032,696.8507080078125,536.58544921875,0.3947209119796753
49,647.7281494140625,498.1260986328125,0.00021576881408691406,590.9970092773438,584.8499145507812,0.08278292417526245,607.3908081054688,597.254638671875,0.0013518035411834717,682.7590942382812,494.18975830078125,5.054473876953125e-05,696.6597900390625,541.29052734375,0.0002371668815612793,640.0138549804688,492.999755859375,0.9048574566841125,667.5742797851562,488.9857482910156,0.9020779132843018,686.5044555664062,494.2098693847656,0.021372050046920776,695.0186157226562,535.8357543945312,0.04033315181732178
50,641.2161865234375,491.60638427734375,0.0001805722713470459,702.2279663085938,531.1585693359375,0.00014230608940124512,698.8726196289062,524.0556640625,0.0001265406608581543,697.5528564453125,522.5974731445312,0.0001456141471862793,697.1026611328125,526.071044921875,0.0002605020999908447,636.6900634765625,494.1556091308594,0.9889907240867615,658.9058837890625,494.1571350097656,0.015348583459854126,693.8131713867188,522.4027709960938,0.4599381983280182,697.222900390625,531.9833374023438,0.7255460023880005
51,619.964599609375,596.9910888671875,0.007704108953475952,700.30517578125,539.4815063476562,0.00024706125259399414,598.8856201171875,598.9293212890625,0.0008886456489562988,626.3175659179688,606.3573608398438,0.0010946393013000488,648.4721069335938,617.273681640625,0.0002982020378112793,638.4793090820312,493.8630676269531,0.12390032410621643,660.193359375,490.6269226074219,0.6030176281929016,691.4609985351562,528.6483764648438,0.9100317358970642,695.7542724609375,535.4338989257812,0.8988215327262878
52,654.2973022460938,493.7761535644531,9.071826934814453e-05,646.9741821289062,491.5917663574219,1.6242265701293945e-05,653.314697265625,497.14984130859375,2.2977590560913086e-05,666.8224487304688,492.8490905761719,0.00011038780212402344,668.3688354492188,494.1153564453125,1.7851591110229492e-05,641.0570068359375,490.0830993652344,0.7437543272972107,660.4859619140625,488.9102478027344,0.9230221509933472,679.585693359375,492.21337890625,0.5714455246925354,658.8239135742188,492.3210144042969,1.5288591384887695e-05
53,625.2056884765625,594.2240600585938,0.28229057788848877,699.93212890625,540.9959106445312,1.0848045349121094e-05,618.9198608398438,587.1544799804688,6.973743438720703e-06,699.230712890625,520.7861938476562,2.9206275939941406e-06,696.5482177734375,540.7821044921875,2.321600914001465e-05,637.1943359375,497.0466613769531,0.004947692155838013,660.066650390625,495.5857849121094,1.4871358871459961e-05,692.6416015625,531.37451171875,0.08809623122215271,694.9339599609375,532.76318359375,0.004209250211715698
54,622.4484252929688,596.0018920898438,0.013340651988983154,584.054443359375,592.0931396484375,0.9271681308746338,606.8008422851562,597.06640625,0.29566383361816406,628.8165283203125,603.2323608398438,0.0023414790630340576,652.52197265625,619.5657348632812,0.001026928424835205,641.8074951171875,491.655517578125,8.037686347961426e-05,659.555419921875,489.9254455566406,0.0034863948822021484,677.05078125,491.3404541015625,0.007315784692764282,692.4376220703125,533.4437866210938,0.00011181831359863281
55,623.6889038085938,594.9315185546875,0.019753307104110718,636.6262817382812,502.096923828125,0.00017219781875610352,699.7689208984375,541.2955932617188,0.00010243058204650879,683.48779296875,492.7214660644531,0.00015753507614135742,696.4434814453125,542.4154663085938,0.00023794174194335938,641.4104614257812,491.0924377441406,0.9964134097099304,667.7382202148438,490.455078125,0.9908653497695923,682.5608520507812,493.66998291015625,0.352656751871109,694.9691772460938,536.2276611328125,0.7682650089263916
56,645.6522216796875,496.09686279296875,0.00024637579917907715,700.3739624023438,539.4867553710938,0.00020131468772888184,700.0552368164062,541.4481811523438,0.00016579031944274902,665.1901245117188,494.3500061035156,0.0005066096782684326,696.3798217773438,543.0155639648438,0.0004240274429321289,634.2606201171875,498.5708312988281,0.6633062362670898,655.7123413085938,491.7157897949219,0.997474730014801,679.5081176757812,492.1396484375,0.9961071014404297,695.0020141601562,533.6716918945312,0.974636435508728
57,698.0465087890625,537.0111083984375,2.0265579223632812e-06,588.4940795898438,584.2289428710938,5.519390106201172e-05,700.888671875,541.5806274414062,1.0728836059570312e-06,698.1703491210938,520.6323852539062,4.76837158203125e-07,695.6362915039062,540.2880859375,2.4437904357910156e-06,642.8773193359375,487.0201110839844,3.9637088775634766e-06,658.3759155273438,493.87176513671875,3.5762786865234375e-06,693.5196533203125,530.4122924804688,0.00581011176109314,696.0303344726562,532.8519897460938,0.0002681612968444824
58,698.7853393554688,536.4129638671875,9.626150131225586e-06,580.0110473632812,593.8280029296875,0.14059126377105713,593.841552734375,599.3486328125,0.00042313337326049805,695.9900512695312,536.38671875,1.4603137969970703e-06,696.0885620117188,541.8507080078125,1.2695789337158203e-05,639.1563110351562,490.0247497558594,0.014073222875595093,655.7993774414062,490.30657958984375,4.7087669372558594e-05,692.5988159179688,532.1598510742188,0.04069805145263672,694.6754150390625,533.3497924804688,0.011321872472763062
59,614.3499145507812,598.7625122070312,0.0006361901760101318,574.0502319335938,594.3870239257812,0.12114158272743225,592.0880737304688,598.99365234375,0.00022044777870178223,637.3590087890625,490.83502197265625,2.250075340270996e-05,635.9232177734375,488.4817810058594,0.0001214146614074707,638.5532836914062,494.6127624511719,0.9910634756088257,661.1990966796875,491.8270263671875,0.6199831366539001,690.3993530273438,522.8399047851562,0.11823779344558716,693.7672119140625,539.6041259765625,0.22894975543022156
60,647.8104248046875,497.3437194824219,0.00022146105766296387,700.9290161132812,540.2720336914062,0.0003108382225036621,699.599365234375,541.3587036132812,0.0002587735652923584,695.3001708984375,537.4215698242188,6.219744682312012e-05,696.4315795898438,543.3858032226562,0.0005275905132293701,635.1992797851562,493.0816345214844,0.8479853272438049,657.1480102539062,492.30755615234375,0.9316257834434509,679.1258544921875,494.21697998046875,0.7013194561004639,695.3101806640625,535.3515625,0.8088136911392212
61,646.464599609375,498.1204528808594,3.4928321838378906e-05,703.1698608398438,522.9774169921875,1.6570091247558594e-05,699.8511352539062,523.98828125,1.2516975402832031e-05,698.5679321289062,521.4080200195312,1.1116266250610352e-05,696.129638671875,523.0030517578125,5.370378494262695e-05,637.2808227539062,496.4921875,0.5149295330047607,662.2361450195312,493.2832946777344,0.763291597366333,692.5018920898438,523.5303344726562,0.46040862798690796,694.6776733398438,532.9386596679688,0.04334816336631775
62,624.138671875,589.829345703125,6.818771362304688e-05,700.2922973632812,539.9287109375,0.00013434886932373047,699.7007446289062,541.6422729492188,6.753206253051758e-05,700.0597534179688,521.9982299804688,4.595518112182617e-05,697.0831909179688,544.02685546875,0.00015744566917419434,637.531982421875,491.32000732421875,0.0108967125415802,680.2506713867188,529.768310546875,0.0005761981010437012,694.7215576171875,529.5895385742188,0.8754326701164246,697.4827880859375,533.9464111328125,0.32494670152664185
63,615.77587890625,594.8240966796875,0.0002766251564025879,579.8657836914062,586.36474609375,0.1310855746269226,594.5158081054688,596.8817749023438,0.0006223917007446289,695.994873046875,537.9854125976562,4.455447196960449e-05,695.6173706054688,542.9298095703125,0.00015926361083984375,636.4094848632812,492.2922668457031,0.9364751577377319,657.6893920898438,489.5688171386719,0.8692734241485596,678.0836181640625,491.5517883300781,0.8828475475311279,693.8314819335938,534.652587890625,0.31869909167289734
64,616.13330078125,594.7406005859375,0.0001462399959564209,582.5534057617188,585.7066650390625,0.8939791917800903,599.4332275390625,592.1988525390625,0.07498040795326233,624.5114135742188,598.7313842773438,0.00018617510795593262,647.6847534179688,609.2715454101562,0.00038063526153564453,642.4393310546875,488.0865783691406,0.24616533517837524,667.3406982421875,487.9888000488281,0.9282313585281372,681.7320556640625,490.3603210449219,0.18131685256958008,695.0394287109375,530.1611328125,0.7931662797927856
65,639.2880249023438,490.9329833984375,0.0008467733860015869,633.3317260742188,498.95904541015625,0.0009743273258209229,639.1712036132812,499.6792297363281,0.0006338655948638916,663.7329711914062,495.15411376953125,0.0008935332298278809,637.6790771484375,491.802490234375,0.0006450116634368896,635.4671630859375,492.27691650390625,0.996967077255249,655.08349609375,488.1574401855469,0.9987726211547852,677.655029296875,488.88555908203125,0.9995542764663696,693.3779907226562,533.690185546875,0.8703498840332031
66,699.6581420898438,536.751220703125,0.0002854764461517334,581.0552368164062,582.9573364257812,0.8863758444786072,599.5130615234375,592.749755859375,0.024359464645385742,694.894287109375,536.3115844726562,0.00012028217315673828,695.8289794921875,542.3889770507812,0.000685274600982666,633.9841918945312,495.778076171875,0.0878143310546875,650.7861328125,492.96087646484375,0.9363996982574463,692.1239013671875,523.52001953125,0.7274196743965149,695.1500854492188,534.1622924804688,0.9769231081008911
67,612.0824584960938,589.5813598632812,5.081295967102051e-05,569.0663452148438,586.4246215820312,0.9680901765823364,592.134033203125,596.9439697265625,0.009654730558395386,653.959228515625,477.2262268066406,1.9371509552001953e-06,567.3294677734375,587.4137573242188,6.467103958129883e-06,640.2069702148438,488.6795959472656,0.06388393044471741,660.0597534179688,489.6482238769531,0.016299307346343994,677.4520874023438,492.3257751464844,0.0011719465255737305,690.267578125,529.2960815429688,0.0004385411739349365
68,699.6890258789062,536.8086547851562,4.380941390991211e-06,701.3829345703125,540.9376831054688,4.023313522338867e-06,701.142578125,541.1524658203125,2.1457672119140625e-06,677.0447998046875,539.0811157226562,4.76837158203125e-07,645.4718627929688,601.314453125,2.849102020263672e-05,635.0885620117188,491.74188232421875,0.0027555227279663086,657.3843383789062,494.77508544921875,0.0011580288410186768,689.3194580078125,531.697021484375,0.044014692306518555,691.3449096679688,534.0427856445312,0.03002503514289856
69,646.7047119140625,498.94854736328125,0.00028952956199645996,623.7061157226562,511.43365478515625,0.0005689561367034912,639.8047485351562,500.2539978027344,0.00024065375328063965,665.4725341796875,494.8348388671875,0.00032326579093933105,637.2767944335938,490.65728759765625,8.90493392944336e-05,636.0877075195312,489.7403564453125,0.9764816761016846,660.3394165039062,490.6828918457031,0.9952077865600586,677.9183959960938,491.19024658203125,0.9453552961349487,690.967529296875,535.3072509765625,0.09924730658531189
70,646.9525756835938,496.28790283203125,6.696581840515137e-05,701.34619140625,541.1441040039062,4.851818084716797e-05,637.4796142578125,498.78070068359375,1.6987323760986328e-05,665.847900390625,492.4952392578125,1.004338264465332e-05,696.083251953125,538.3934936523438,5.2869319915771484e-05,631.9223022460938,493.02081298828125,0.09873643517494202,650.077880859375,490.1258850097656,0.6698358654975891,692.0081787109375,530.2000122070312,0.20939898490905762,693.2498779296875,532.7743530273438,0.0815393328666687
71,607.3677978515625,582.22802734375,3.9458274841308594e-05,700.231201171875,540.9698486328125,2.6792287826538086e-05,700.0701904296875,541.408935546875,1.245737075805664e-05,615.346435546875,588.671875,8.794665336608887e-05,643.8051147460938,597.2695922851562,0.00011882185935974121,698.5975341796875,532.8226318359375,4.023313522338867e-05,681.6007080078125,530.9055786132812,0.0029771625995635986,691.689697265625,530.7232055664062,0.8743809461593628,694.9813842773438,533.9624633789062,0.01970580220222473
72,699.3635864257812,536.6737670898438,4.0531158447265625e-06,700.2338256835938,541.677734375,2.950429916381836e-06,701.2389526367188,541.3098754882812,1.0132789611816406e-06,696.74951171875,534.9905395507812,2.980232238769531e-07,695.5586547851562,539.169677734375,2.473592758178711e-06,635.39794921875,487.05596923828125,0.00018537044525146484,638.9437866210938,489.01416015625,8.83340835571289e-05,691.4522094726562,531.5242919921875,0.007171422243118286,692.2568359375,532.2964477539062,0.0009347498416900635
73,648.8224487304688,496.9482421875,1.1622905731201172e-06,1.6244211196899414,5.451059818267822,1.817941665649414e-06,-6.842567443847656,4.7063679695129395,2.115964889526367e-06,666.9725341796875,492.1858215332031,3.5762786865234375e-07,695.1820068359375,536.472412109375,1.7881393432617188e-07,634.8244018554688,488.5164794921875,5.123019218444824e-05,652.1384887695312,489.34698486328125,0.004090726375579834,674.6726684570312,492.9622497558594,0.00014230608940124512,689.187255859375,532.89501953125,0.00021383166313171387
74,641.2337646484375,494.9487609863281,2.980232238769531e-07,1.6229321956634521,6.053220748901367,1.1026859283447266e-06,-7.299028396606445,4.452761650085449,9.834766387939453e-07,0.8475775718688965,-3.01198673248291,2.9802322387695312e-08,635.4388427734375,488.922119140625,5.960464477539063e-08,637.3862915039062,490.03515625,5.307793617248535e-05,645.5693969726562,495.0059509277344,4.38690185546875e-05,0.23429322242736816,-3.238091468811035,2.652406692504883e-06,-2.680479049682617,-2.5897841453552246,2.384185791015625e-07
75,2.395346164703369,-1.7573347091674805,5.960464477539063e-08,1.2714943885803223,5.901849746704102,7.450580596923828e-07,-7.911600112915039,5.3970489501953125,8.344650268554688e-07,0.49839353561401367,-2.833334445953369,0.0,5.443159580230713,-0.2491617202758789,0.0,3.3660902976989746,3.190556287765503,8.344650268554688e-07,-0.8867740631103516,2.3131887912750244,4.76837158203125e-07,0.1722121238708496,-3.3379225730895996,1.6093254089355469e-06,-2.216053009033203,-2.868682861328125,1.7881393432617188e-07
76,639.8758544921875,478.2732849121094,1.7940998077392578e-05,562.8593139648438,561.3834228515625,0.0003084540367126465,576.8580932617188,569.759033203125,9.59634780883789e-06,619.7864379882812,472.821044921875,2.771615982055664e-06,625.2147827148438,467.01910400390625,1.3679265975952148e-05,631.4820556640625,478.27508544921875,0.9525774121284485,656.1200561523438,481.3861999511719,0.006808340549468994,676.5791625976562,487.388916015625,0.00028061866760253906,686.8412475585938,530.6019897460938,0.00019487738609313965
77,591.3367919921875,575.6698608398438,0.0008178651332855225,702.85107421875,540.7985229492188,0.00014865398406982422,701.9340209960938,540.1533813476562,4.634261131286621e-05,698.8140869140625,518.9857177734375,1.2040138244628906e-05,682.7702026367188,544.9234619140625,0.00021371245384216309,627.195068359375,477.61529541015625,0.4675394892692566,649.6298828125,481.5334777832031,0.819269061088562,678.7567138671875,486.7934265136719,0.4084450304508209,690.6906127929688,532.65869140625,0.7274674773216248
78,2.815021514892578,-0.9280147552490234,5.960464477539063e-08,1.3947384357452393,5.286437034606934,1.3113021850585938e-06,-7.450569152832031,5.767431259155273,1.519918441772461e-06,0.9784066677093506,-2.997951030731201,0.0,5.956754684448242,-0.30840539932250977,0.0,3.046921730041504,2.623117446899414,1.9669532775878906e-06,-1.155229091644287,1.7956490516662598,7.748603820800781e-07,0.17757534980773926,-2.896574020385742,3.904104232788086e-06,-1.0651240348815918,-2.604602336883545,2.980232238769531e-07
79,566.8374633789062,580.4271240234375,1.1205673217773438e-05,555.9846801757812,540.7716674804688,0.9146630764007568,575.0523681640625,553.4114379882812,0.11367335915565491,540.3095092773438,536.7684936523438,3.0100345611572266e-06,545.5428466796875,531.8535766601562,1.817941665649414e-05,559.0662841796875,532.0475463867188,0.00019595026969909668,639.5333862304688,470.75677490234375,0.1634187400341034,672.6150512695312,483.0301818847656,0.7242340445518494,689.5477294921875,526.7943725585938,5.781650543212891e-06
80,637.0999145507812,460.53082275390625,5.751848220825195e-06,550.8896484375,533.2391967773438,0.3572632670402527,566.0510864257812,545.5839233398438,0.0005061626434326172,636.8466186523438,460.0158996582031,9.5367431640625e-07,635.7098999023438,455.8226623535156,2.3543834686279297e-06,620.9732055664062,459.4822692871094,0.0017342567443847656,635.2422485351562,462.2731628417969,0.45289257168769836,668.1854248046875,480.28472900390625,0.0005228817462921143,632.4065551757812,459.15667724609375,8.344650268554688e-07
81,0.3134481906890869,444.5450134277344,5.960464477539063e-08,544.4527587890625,541.3948364257812,8.940696716308594e-07,-7.513331413269043,4.299426555633545,8.940696716308594e-07,0.2871999740600586,-2.3151116371154785,2.9802322387695312e-08,6.190896987915039,-0.33870410919189453,0.0,3.1585655212402344,3.229393482208252,1.341104507446289e-06,-0.8466639518737793,2.3980469703674316,5.662441253662109e-07,-0.37394142150878906,-3.3917789459228516,3.129243850708008e-06,-2.595623016357422,-1.9901065826416016,2.384185791015625e-07
82,-1.6501083374023438,106.38367462158203,8.940696716308594e-08,1.5933499336242676,5.587903022766113,5.364418029785156e-07,-8.658134460449219,5.20035982131958,6.258487701416016e-07,0.5090527534484863,-2.159757614135742,0.0,6.531541347503662,0.28114795684814453,0.0,2.6774704456329346,3.13392972946167,6.258487701416016e-07,-1.209620475769043,2.543497085571289,3.5762786865234375e-07,-1.3885693550109863,-3.5886025428771973,1.3709068298339844e-06,-2.8386950492858887,-2.1755619049072266,1.1920928955078125e-07
83,2.6162071228027344,-1.3637566566467285,8.940696716308594e-08,543.5463256835938,504.6987609863281,2.205371856689453e-06,-7.638226509094238,4.0258684158325195,8.344650268554688e-07,1.564925193786621,-2.475329875946045,0.0,5.671319484710693,0.08631467819213867,0.0,3.3504295349121094,3.4005227088928223,1.519918441772461e-06,-1.6045246124267578,2.316824436187744,4.76837158203125e-07,-0.04012155532836914,-3.312356472015381,3.4570693969726562e-06,-1.6706218719482422,-3.015176773071289,1.7881393432617188e-07
84,650.554931640625,423.8651123046875,2.592802047729492e-06,533.5453491210938,500.7880859375,1.8775463104248047e-06,-7.92630672454834,4.470508098602295,6.854534149169922e-07,650.5869140625,425.61083984375,1.3113021850585938e-06,650.2088623046875,427.7719421386719,2.8908252716064453e-06,3.1413891315460205,3.834642171859741,7.748603820800781e-07,637.7158203125,430.4918212890625,0.001392960548400879,656.0492553710938,430.18304443359375,0.03241357207298279,654.5307006835938,432.4604187011719,5.364418029785156e-07
85,631.18798828125,406.8238525390625,1.2248754501342773e-05,652.4113159179688,411.7637939453125,9.834766387939453e-06,647.0552368164062,411.4120788574219,3.3676624298095703e-06,633.0385131835938,410.2755432128906,9.566545486450195e-06,636.6681518554688,412.9001770019531,2.4080276489257812e-05,632.6693725585938,414.727294921875,9.387731552124023e-06,634.3075561523438,415.241455078125,0.11920234560966492,647.6103515625,415.5989685058594,0.2589789628982544,647.5178833007812,415.88665771484375,2.4020671844482422e-05
86,635.09521484375,391.73577880859375,7.748603820800781e-07,575.5736083984375,388.63092041015625,2.9206275939941406e-06,579.8013916015625,386.5647888183594,6.258487701416016e-07,633.64794921875,392.9132995605469,1.4007091522216797e-06,634.8449096679688,396.351318359375,2.9206275939941406e-06,582.4705200195312,372.4595947265625,0.990135133266449,603.7357177734375,374.1206970214844,0.005048006772994995,633.5775756835938,396.6195373535156,0.8099268674850464,580.1498413085938,371.8881530761719,1.2814998626708984e-06
87,575.1826171875,362.55792236328125,0.0006035566329956055,574.1707153320312,373.590576171875,0.001209855079650879,589.8240966796875,370.5512390136719,0.0005592703819274902,571.8134155273438,361.6651611328125,0.0003605186939239502,571.0923461914062,362.3450927734375,0.0009409189224243164,578.0421142578125,359.7950134277344,0.9999982118606567,601.825439453125,359.2003173828125,0.22976520657539368,649.6740112304688,409.0290222167969,0.8374396562576294,652.0863037109375,418.7241516113281,0.003636598587036133
88,574.4407348632812,347.9982604980469,0.0010496973991394043,512.1958618164062,441.2720031738281,0.9929533004760742,533.386962890625,451.15216064453125,0.9876043796539307,554.706787109375,467.1654968261719,0.4196402430534363,584.646728515625,483.3454284667969,0.30805808305740356,564.70361328125,347.4856262207031,0.9988077282905579,575.4034423828125,344.86395263671875,0.8390324115753174,576.3622436523438,347.8177795410156,0.009801208972930908,572.4337158203125,347.66595458984375,0.0008482933044433594
89,576.5007934570312,332.2654113769531,0.0021600425243377686,508.0581970214844,424.1449890136719,0.9971771240234375,529.291015625,432.1122131347656,0.7200148701667786,556.5956420898438,438.2444763183594,0.0015285313129425049,582.6736450195312,453.7221984863281,0.0031424760818481445,562.6497192382812,329.81732177734375,0.9996399879455566,606.9249877929688,342.880615234375,0.9847643971443176,633.4506225585938,373.41583251953125,0.9932674169540405,553.77734375,328.9530944824219,0.0009630024433135986
90,482.73773193359375,482.60418701171875,0.16494780778884888,498.1610412597656,413.46710205078125,0.9999330043792725,523.9417724609375,418.63262939453125,0.9997469782829285,548.1625366210938,433.25146484375,0.9994078874588013,574.11328125,458.9092102050781,0.9983870387077332,546.442138671875,315.3814392089844,0.9999406337738037,577.4421997070312,320.3464660644531,0.9972277879714966,597.9778442382812,321.65789794921875,0.9999969005584717,622.2754516601562,359.7914733886719,0.16427478194236755
91,475.5985412597656,481.77655029296875,0.9998849630355835,488.0729064941406,404.9640197753906,0.9999794960021973,510.4544677734375,412.24322509765625,0.9996746778488159,536.120849609375,422.9533386230469,0.9997314214706421,565.4544677734375,445.0635986328125,0.9999021291732788,539.69189453125,299.4135437011719,0.9999936819076538,583.3072509765625,303.236083984375,0.999992847442627,595.9830322265625,309.3240661621094,0.9998751878738403,616.3029174804688,396.8523254394531,0.9414589405059814
92,475.22747802734375,465.8208923339844,0.8609736561775208,490.3825988769531,382.8510437011719,0.9694222211837769,512.025146484375,390.50848388671875,0.999572217464447,533.9678344726562,405.04327392578125,0.9994592666625977,565.4520263671875,429.54107666015625,0.9999899864196777,532.06005859375,286.71551513671875,0.9999995231628418,579.529296875,289.8863525390625,0.9999998807907104,603.513427734375,316.6983947753906,0.99895179271698,609.9234008789062,380.4737854003906,0.3470444083213806
93,468.65045166015625,457.38690185546875,0.3279249966144562,482.9730529785156,378.71923828125,0.9994951486587524,504.19024658203125,384.3949279785156,0.9999128580093384,531.3199462890625,395.2956237792969,0.9997240304946899,559.3692016601562,417.1792297363281,0.9999854564666748,526.3612060546875,275.6634826660156,0.9999998807907104,573.4852905273438,276.3285217285156,0.9999997615814209,600.9921875,307.74163818359375,0.9999962449073792,606.3884887695312,365.0385437011719,0.9999891519546509
94,467.0313415527344,447.455078125,0.9999679327011108,477.5787353515625,369.2149353027344,0.9999872446060181,498.4013366699219,371.3661193847656,0.9999972581863403,522.1385498046875,379.01385498046875,0.999964714050293,554.9171142578125,403.14697265625,0.9999754428863525,519.2765502929688,266.18438720703125,0.9999997019767761,567.3550415039062,264.55316162109375,0.9999995827674866,598.0848999023438,293.49224853515625,0.9999997019767761,600.6923217773438,355.2627258300781,0.999954342842102
95,473.9079284667969,431.299072265625,0.9999643564224243,476.3704833984375,356.4390563964844,0.9999936819076538,497.081787109375,359.54718017578125,0.9999958276748657,519.159423828125,369.3390197753906,0.999978244304657,550.2777099609375,397.3477783203125,0.9999855756759644,514.752685546875,257.1146545410156,0.9999999403953552,562.200439453125,253.99246215820312,0.9999997019767761,593.2988891601562,280.9753112792969,0.9999994039535522,597.9354248046875,340.2630920410156,0.9999994039535522
96,469.9320373535156,431.1409606933594,0.9999922513961792,474.4847717285156,351.3658142089844,0.9999927282333374,494.4769592285156,354.53570556640625,0.9999988079071045,520.0584106445312,361.22625732421875,0.9999802112579346,547.968994140625,390.2746276855469,0.9999984502792358,510.4140625,251.7361297607422,0.999997615814209,557.07080078125,245.9957275390625,0.9999995231628418,589.1806640625,272.8642272949219,0.9999985694885254,595.0881958007812,330.6220703125,0.9999977946281433
97,470.8421325683594,423.3529968261719,0.9999778270721436,473.0008850097656,349.78594970703125,0.9999979734420776,492.6915283203125,348.661376953125,0.999997615814209,519.0341796875,357.1532287597656,0.9999856352806091,546.1234130859375,380.9249572753906,0.9999861717224121,507.8889465332031,247.86790466308594,0.9999998807907104,550.9314575195312,240.08477783203125,0.9999996423721313,584.6373291015625,266.1995544433594,0.9999960660934448,595.0327758789062,321.62567138671875,0.9999998211860657
98,470.3359375,424.0624084472656,0.9999942779541016,473.30523681640625,346.78289794921875,0.9999971389770508,493.91229248046875,346.5000915527344,0.999997079372406,516.4086303710938,357.0358581542969,0.9999947547912598,543.994140625,383.3985290527344,0.9999773502349854,506.9781494140625,245.2099151611328,0.9999998807907104,548.9758911132812,235.35716247558594,0.9999997615814209,583.040771484375,263.0646667480469,0.999999463558197,593.8106079101562,316.7096252441406,0.9999974966049194
99,473.910400390625,424.9906921386719,0.9999300241470337,476.32635498046875,347.5462341308594,0.9999873638153076,496.1015930175781,349.6186828613281,0.9999967217445374,521.0970458984375,358.1517639160156,0.9999916553497314,544.5531616210938,379.3887939453125,0.9999945163726807,507.3438720703125,245.40431213378906,0.9999998807907104,547.7379150390625,234.35629272460938,0.9999998807907104,582.1712646484375,262.19097900390625,0.9999998211860657,594.5354614257812,315.0226745605469,0.9999979734420776
100,481.6886901855469,415.7854309082031,0.9999929666519165,481.1605224609375,344.6876220703125,0.9999985694885254,498.532470703125,346.8323974609375,0.999997615814209,525.0438232421875,356.3462219238281,0.999988853931427,548.6183471679688,378.3191223144531,0.999994695186615,509.4878234863281,247.17628479003906,0.9999997615814209,548.2687377929688,235.35400390625,0.9999997615814209,582.3880004882812,261.6720275878906,0.9999998211860657,594.3821411132812,315.95025634765625,0.9999985694885254
101,481.2034606933594,420.2813415527344,0.9995906949043274,485.2050476074219,349.1614685058594,0.9999988079071045,502.6763610839844,351.09942626953125,0.9999966025352478,527.907470703125,358.50811767578125,0.9999664425849915,551.4591674804688,379.7518615722656,0.9999693632125854,510.0280456542969,247.8732452392578,0.9999997615814209,548.8553466796875,235.4656982421875,0.9999998211860657,581.4490356445312,262.631103515625,0.9999998211860657,593.9348754882812,316.8246765136719,0.999998927116394
102,482.2895202636719,428.6341247558594,0.9999821782112122,485.2602844238281,354.6764221191406,0.9999998807907104,503.651123046875,355.525146484375,0.9999983310699463,529.9020385742188,363.9137878417969,0.9999733567237854,555.3568725585938,381.7710876464844,0.9997844696044922,510.643798828125,249.47024536132812,0.9999994039535522,549.337646484375,236.08984375,0.9999997615814209,581.85107421875,264.5444641113281,0.9999997019767761,593.9796142578125,317.4317321777344,0.9999994039535522
103,484.7264404296875,428.0436706542969,0.996465802192688,490.0072326660156,353.63775634765625,0.9999954700469971,508.79901123046875,355.9551696777344,0.9999992847442627,534.3004150390625,363.40704345703125,0.9999191761016846,562.14892578125,380.5890197753906,0.9993308782577515,512.18701171875,252.20762634277344,0.9999991655349731,549.4674682617188,236.70965576171875,0.9999996423721313,581.8238525390625,265.9585266113281,0.9999992847442627,593.5803833007812,319.9357604980469,0.9999998211860657
104,485.892822265625,432.439208984375,0.9999923706054688,492.28594970703125,358.23284912109375,0.9999979138374329,510.78179931640625,357.8602600097656,0.9999990463256836,539.302734375,363.9496765136719,0.9998143315315247,565.4874877929688,376.01165771484375,0.9996330738067627,512.1549682617188,254.66903686523438,0.9999994039535522,549.0609130859375,238.67788696289062,0.9999997615814209,582.2372436523438,266.8682861328125,0.9999994039535522,593.9684448242188,321.6695251464844,0.9999998807907104
105,488.05340576171875,437.68646240234375,0.9989327192306519,492.7915344238281,363.99432373046875,0.9999918341636658,511.42041015625,362.9824523925781,0.9999960064888,538.2468872070312,371.53253173828125,0.9997719526290894,564.1687622070312,385.4268493652344,0.9997609853744507,512.6259765625,253.6405487060547,0.9999995231628418,548.3662109375,239.39959716796875,0.9999997615814209,581.2989501953125,268.0088195800781,0.9999995231628418,593.4453125,322.6483154296875,0.9999999403953552
106,491.8592529296875,431.1341247558594,0.9992667436599731,498.1081237792969,362.08245849609375,0.9999980926513672,515.7756958007812,363.32708740234375,0.9999986290931702,538.9712524414062,371.6858825683594,0.9999697208404541,562.7815551757812,386.2078857421875,0.9999134540557861,513.81689453125,254.6053466796875,0.9999997615814209,548.5813598632812,240.1442108154297,0.9999998807907104,581.952392578125,267.883056640625,0.9999992847442627,593.2278442382812,322.86566162109375,0.9999998807907104
107,490.9498291015625,437.5621032714844,0.9997408986091614,496.5207824707031,364.06378173828125,0.9999983310699463,514.0787963867188,363.596435546875,0.9999980926513672,541.94970703125,370.7458801269531,0.999963641166687,565.3372802734375,383.17791748046875,0.9996750354766846,513.751220703125,254.82720947265625,0.9999998807907104,548.9574584960938,240.9655303955078,0.9999998211860657,581.1195678710938,267.6221923828125,0.9999994039535522,593.3396606445312,322.0522766113281,1.0
108,491.12603759765625,437.9571533203125,0.9999173879623413,497.9423828125,365.3108825683594,0.999998152256012,516.6830444335938,366.1506042480469,0.9999974370002747,542.373779296875,373.5160217285156,0.9998525381088257,565.4656372070312,386.042236328125,0.9998838901519775,513.409423828125,255.0889434814453,0.9999998807907104,548.3760986328125,241.23931884765625,0.9999998807907104,581.4107055664062,268.5272521972656,0.9999992847442627,591.7643432617188,323.25732421875,0.9999998807907104
109,494.02874755859375,433.3684387207031,0.992209255695343,499.9405517578125,364.83062744140625,0.9999992251396179,520.247802734375,366.6435546875,0.9999901056289673,544.91943359375,374.12591552734375,0.9999908208847046,566.619140625,386.1294860839844,0.9999525547027588,513.485595703125,255.1315460205078,0.9999998807907104,548.4747924804688,242.1542510986328,0.9999999403953552,581.1873168945312,269.8316955566406,0.9999995231628418,592.797119140625,322.4867248535156,0.9999999403953552
110,496.8468322753906,433.3899230957031,0.9987682104110718,500.17413330078125,363.5834045410156,0.9999979734420776,519.5958251953125,367.2641906738281,0.9999948740005493,543.4612426757812,375.66363525390625,0.9999852180480957,565.1917114257812,388.66546630859375,0.9999901056289673,514.20556640625,255.7312774658203,0.9999999403953552,548.4583740234375,241.71852111816406,0.9999999403953552,580.6378173828125,268.350830078125,0.9999994039535522,592.7420654296875,323.0938720703125,0.9999999403953552
111,493.0853576660156,439.0722351074219,0.9998598098754883,499.8744812011719,365.9825744628906,0.9999987483024597,518.0886840820312,367.7476501464844,0.9999966025352478,542.0762329101562,380.2189025878906,0.9999455213546753,565.6234741210938,394.18572998046875,0.9999878406524658,513.9044189453125,256.7859191894531,0.9999998807907104,548.7365112304688,242.2557373046875,0.9999999403953552,581.0684204101562,268.1954650878906,0.9999994039535522,592.8060302734375,321.7633972167969,0.9999998211860657
112,494.65692138671875,432.86181640625,0.014169663190841675,500.03521728515625,361.11541748046875,0.9999967813491821,518.523193359375,366.63232421875,0.9999412298202515,546.559326171875,373.8501892089844,0.9997122287750244,568.7771606445312,389.2997741699219,0.9993847608566284,514.651123046875,254.99252319335938,0.9999998807907104,547.7909545898438,240.60409545898438,0.9999998211860657,580.4932250976562,268.4639892578125,0.9999995827674866,592.6058959960938,320.09100341796875,0.9999997615814209
113,496.51861572265625,439.0343933105469,0.9493208527565002,501.0231628417969,365.9888610839844,0.999998927116394,520.3252563476562,368.5604248046875,0.9999879002571106,545.9007568359375,376.934814453125,0.9999430775642395,568.2308959960938,393.960693359375,0.9998318552970886,514.6410522460938,256.0141906738281,0.9999999403953552,548.0001220703125,242.1405029296875,0.9999998807907104,581.4927368164062,270.1418762207031,0.9999995231628418,593.4907836914062,320.607421875,0.9999998807907104
114,494.760986328125,438.9825134277344,0.8630914688110352,502.1507568359375,365.48980712890625,0.9999990463256836,520.2650756835938,365.86968994140625,0.99993497133255,547.7015380859375,374.43505859375,0.9998579621315002,569.3132934570312,388.6022033691406,0.9993257522583008,515.071044921875,256.8047180175781,1.0,548.043212890625,241.21543884277344,0.9999998807907104,581.247314453125,270.9122314453125,0.9999994039535522,592.6060180664062,321.5408935546875,0.9999997615814209
115,494.6483459472656,438.1982116699219,0.9919134974479675,501.0025329589844,365.8706359863281,0.9999978542327881,517.4966430664062,369.7584228515625,0.9999533295631409,545.245361328125,380.0111999511719,0.9991602897644043,567.1757202148438,396.2436218261719,0.9964725375175476,515.4352416992188,257.130126953125,1.0,547.859619140625,242.29849243164062,1.0,581.1846313476562,270.4325256347656,0.9999991655349731,592.2474365234375,321.8958740234375,0.9999997019767761
116,500.7132263183594,433.69525146484375,0.9999796152114868,501.83697509765625,366.5769958496094,0.9999980926513672,519.994384765625,368.59857177734375,0.9999778866767883,546.5081787109375,376.9576110839844,0.9999406337738037,568.5942993164062,392.29345703125,0.999836266040802,515.3628540039062,256.6305236816406,1.0,547.8626708984375,243.45811462402344,1.0,581.7698364257812,270.2890625,0.9999996423721313,592.2095336914062,321.4603271484375,0.9999994039535522
117,493.0644226074219,440.70208740234375,0.8074705600738525,501.6365966796875,367.5605773925781,0.9999970197677612,518.3739624023438,370.92303466796875,0.9999655485153198,545.5433959960938,378.6640625,0.998594343662262,567.8208618164062,393.7677917480469,0.9994161128997803,516.59912109375,258.4439392089844,1.0,547.82568359375,242.12864685058594,1.0,580.9408569335938,268.6862487792969,0.9999995827674866,592.14453125,322.2142639160156,0.9999996423721313
118,492.02044677734375,443.4375305175781,0.39301031827926636,501.9590759277344,367.9793395996094,0.9999958276748657,518.431884765625,371.1846008300781,0.9999939799308777,544.0784301757812,379.0062255859375,0.9998943209648132,567.3869018554688,396.0343017578125,0.9999136924743652,515.8882446289062,256.9682922363281,1.0,548.2108764648438,241.8355255126953,0.9999999403953552,582.6845092773438,269.97613525390625,0.9999992847442627,590.9620361328125,322.0950622558594,0.9999988079071045
119,495.877197265625,437.3704528808594,0.9950581789016724,503.1629638671875,366.9302978515625,0.9999963045120239,520.2146606445312,370.2783203125,0.9999669790267944,548.754150390625,376.1788635253906,0.9998539686203003,570.4034423828125,391.2224426269531,0.9996150732040405,516.0846557617188,256.93994140625,1.0,545.9510498046875,242.08895874023438,0.9999998807907104,580.9588623046875,271.5544128417969,0.999999463558197,592.2998046875,320.1415710449219,0.9999995231628418
120,500.2720031738281,428.6874084472656,0.9594210386276245,501.32745361328125,365.1936340332031,0.9999989867210388,519.6903686523438,369.52984619140625,0.9999546408653259,547.553466796875,379.8830871582031,0.99947589635849,567.5152587890625,394.1745300292969,0.9995071887969971,516.5391845703125,257.5909729003906,1.0,547.7704467773438,242.52752685546875,1.0,580.5977783203125,270.62744140625,0.9999996423721313,592.08837890625,321.33245849609375,0.9999996423721313
121,494.0381164550781,438.2317810058594,0.9226047396659851,502.48968505859375,364.2773742675781,0.9999985098838806,519.953125,368.02301025390625,0.9999784231185913,545.4683227539062,379.9501037597656,0.9998297095298767,567.4137573242188,397.3404541015625,0.9998170733451843,515.9637451171875,257.66180419921875,1.0,548.1424560546875,242.73574829101562,0.9999998807907104,581.723876953125,270.1061096191406,0.9999993443489075,591.3770751953125,321.42315673828125,0.9999986886978149
122,492.7371826171875,441.2944030761719,0.9977689981460571,501.7436828613281,366.2514953613281,0.9999978542327881,517.8216552734375,367.4518127441406,0.9999589323997498,545.0355224609375,376.7933349609375,0.9976470470428467,568.1439819335938,392.071533203125,0.9990417957305908,515.3078002929688,257.1907958984375,1.0,547.878662109375,242.7650909423828,0.9999998807907104,580.58642578125,270.0494689941406,0.9999995231628418,592.7374877929688,322.7469787597656,0.9999996423721313
123,493.8539733886719,440.5252685546875,0.982519268989563,501.3277587890625,367.2585144042969,0.9999983906745911,518.90576171875,369.5433044433594,0.9999829530715942,546.762939453125,380.353759765625,0.9998011589050293,567.8224487304688,392.98394775390625,0.9998066425323486,515.7327880859375,257.7654724121094,1.0,546.9411010742188,244.40121459960938,1.0,581.7192993164062,270.3876647949219,0.9999995231628418,592.22216796875,321.0221252441406,0.9999995231628418
124,493.3817443847656,442.3349304199219,0.6907784938812256,502.96826171875,364.752197265625,0.9999975562095642,519.5429077148438,369.75701904296875,0.9999714493751526,547.2242431640625,380.8791198730469,0.9999549388885498,568.0719604492188,397.6850891113281,0.9997096061706543,515.74658203125,258.0743408203125,1.0,548.5433959960938,242.82933044433594,0.9999998807907104,580.7927856445312,271.0328674316406,0.9999994039535522,590.9047241210938,322.633056640625,0.9999986290931702
125,495.9411315917969,434.75390625,0.9648540019989014,500.47613525390625,367.841064453125,0.9999954104423523,518.24169921875,372.3033752441406,0.9998332262039185,544.2125244140625,385.9523010253906,0.9971163272857666,565.9088134765625,400.50958251953125,0.9994258880615234,515.5897827148438,257.6878662109375,0.9999998807907104,547.443115234375,242.8992462158203,0.9999998807907104,581.4208374023438,269.2652587890625,0.9999992847442627,591.4225463867188,322.24078369140625,0.9999995231628418
126,496.5581970214844,433.86651611328125,0.998961329460144,502.0965270996094,364.1233215332031,0.9999973773956299,520.83642578125,367.6395568847656,0.9998875856399536,546.1328125,377.140380859375,0.9997006058692932,568.0446166992188,396.1088562011719,0.9991340041160583,516.1476440429688,257.190185546875,1.0,547.5119018554688,242.02828979492188,0.9999998807907104,581.3236694335938,269.0036315917969,0.9999994039535522,591.949462890625,321.1078186035156,0.9999995231628418
127,493.7979736328125,438.762451171875,0.9982467889785767,499.1024475097656,367.483642578125,0.9999980926513672,517.9025268554688,369.17498779296875,0.999988853931427,545.471435546875,381.0729064941406,0.9995460510253906,567.0765380859375,395.23834228515625,0.9997715950012207,516.579833984375,257.36065673828125,1.0,548.1595458984375,242.90185546875,0.9999998807907104,581.7620239257812,268.3606262207031,0.9999996423721313,591.736572265625,322.8204345703125,0.9999997019767761
128,498.04180908203125,434.3040771484375,0.8264675140380859,500.5788879394531,369.2270202636719,0.9999992847442627,518.3758544921875,371.2237854003906,0.9999887347221375,544.0968017578125,382.3970031738281,0.999289870262146,566.03662109375,398.35888671875,0.9997356534004211,515.4005737304688,256.956787109375,1.0,547.89306640625,242.9075469970703,0.9999998807907104,580.5186157226562,269.073974609375,0.9999994039535522,591.8746948242188,322.3290100097656,0.9999995231628418
129,494.4705810546875,437.3173522949219,0.9999722242355347,501.3620300292969,368.7870788574219,0.9999994039535522,518.38037109375,370.8008117675781,0.9999949932098389,546.4541015625,378.82122802734375,0.9999537467956543,566.0696411132812,397.8824462890625,0.9999569654464722,516.25244140625,257.51708984375,1.0,547.1453247070312,242.18011474609375,0.9999998211860657,581.88232421875,270.48321533203125,0.9999995231628418,591.6275634765625,322.7193908691406,0.9999995827674866
130,492.4107360839844,439.5404052734375,0.9990286827087402,502.4840087890625,367.4934997558594,0.9999986886978149,519.2440185546875,371.2092590332031,0.9999889135360718,546.9990844726562,380.0809326171875,0.9997002482414246,567.1925659179688,395.3548278808594,0.9994339942932129,515.5042724609375,258.1566162109375,1.0,547.9705200195312,242.92922973632812,0.9999998807907104,580.9386596679688,270.9532775878906,0.9999995827674866,591.3567504882812,322.44696044921875,0.9999995827674866
131,495.177490234375,437.2187805175781,0.9606236219406128,502.1331787109375,368.7432556152344,0.9999982714653015,518.9363403320312,371.0906677246094,0.9999759793281555,546.1360473632812,378.7891540527344,0.9967377185821533,567.6748046875,391.4078369140625,0.9739590883255005,516.3106689453125,257.9908447265625,1.0,545.3224487304688,242.82061767578125,0.9999998807907104,581.2828979492188,269.9353942871094,0.9999990463256836,591.5888061523438,322.9437561035156,0.9999995827674866
132,496.82415771484375,433.3226318359375,0.9910712242126465,501.5945129394531,363.91998291015625,0.9999974370002747,518.0064086914062,368.2337951660156,0.9998279809951782,545.3330078125,378.5943908691406,0.9932002425193787,568.5626831054688,394.3450622558594,0.9855165481567383,516.0054321289062,257.0619812011719,1.0,547.8102416992188,242.08645629882812,0.9999998807907104,581.6461181640625,269.1213684082031,0.9999995827674866,592.0208740234375,323.1582336425781,0.9999996423721313
133,494.22576904296875,435.8810119628906,0.9321293830871582,501.52197265625,366.8905944824219,0.9999982118606567,519.9775390625,367.6082458496094,0.9999343752861023,548.2984008789062,375.45538330078125,0.9998706579208374,568.4117431640625,391.01177978515625,0.9995720386505127,516.5025024414062,257.9114685058594,1.0,547.9614868164062,241.5120086669922,1.0,581.5436401367188,270.07476806640625,0.9999995231628418,591.8555908203125,323.5115661621094,0.9999995827674866
134,497.677001953125,438.67645263671875,0.9688971638679504,499.74737548828125,370.36492919921875,0.9999992847442627,518.8082275390625,374.5073547363281,0.9999938011169434,544.4322509765625,383.7618103027344,0.9999364614486694,565.2621459960938,398.49932861328125,0.9999769926071167,515.608154296875,257.7357482910156,1.0,548.227783203125,243.34197998046875,1.0,581.5638427734375,270.78009033203125,0.9999996423721313,591.5850830078125,323.9029235839844,0.9999997615814209
135,497.35821533203125,436.6951904296875,0.8671882152557373,502.3652648925781,367.95623779296875,0.9999988079071045,519.673583984375,370.74896240234375,0.9999909400939941,548.2938232421875,379.36920166015625,0.9999514818191528,569.0361938476562,395.1322937011719,0.9997623562812805,515.5897216796875,256.69866943359375,1.0,547.881591796875,241.04995727539062,0.9999998211860657,580.9138793945312,269.8099670410156,0.9999995827674866,591.0419921875,323.1776123046875,0.9999985694885254
136,497.4852600097656,434.37908935546875,0.9764789342880249,502.8472595214844,367.22064208984375,0.9999985694885254,521.2306518554688,367.75439453125,0.9999737739562988,547.5682983398438,377.2136535644531,0.9999387264251709,567.725830078125,393.9175109863281,0.9998435974121094,516.6652221679688,257.53143310546875,0.9999999403953552,547.4097900390625,241.65077209472656,0.9999998807907104,581.3654174804688,269.2088623046875,0.9999994039535522,591.2567138671875,321.2087097167969,0.9999974966049194
137,497.0195617675781,434.5785217285156,0.9998528361320496,500.6129150390625,367.9321594238281,0.9999979734420776,519.4163208007812,368.7460021972656,0.9999776482582092,546.7772827148438,378.98065185546875,0.9996321201324463,567.9406127929688,391.9292297363281,0.9995636940002441,516.1797485351562,257.4435729980469,1.0,548.083251953125,241.38467407226562,0.9999999403953552,581.0527954101562,270.01495361328125,0.9999990463256836,592.237548828125,323.6078186035156,0.9999995827674866
138,491.5487365722656,439.4483642578125,0.9998601675033569,501.5773620605469,367.4004821777344,0.9999961853027344,519.5385131835938,371.2681884765625,0.9998917579650879,546.91259765625,381.214111328125,0.999656081199646,568.2462768554688,397.0036926269531,0.9999107122421265,515.7607421875,258.4190368652344,1.0,548.624267578125,241.89840698242188,0.9999998807907104,581.2964477539062,271.478271484375,0.9999998211860657,591.4515991210938,322.84912109375,0.9999991059303284
139,496.2763977050781,437.9914855957031,0.9595558643341064,502.1867370605469,367.4307861328125,0.9999974966049194,520.98681640625,371.1738586425781,0.9999890327453613,544.8798217773438,381.812744140625,0.9997504949569702,566.5924682617188,397.8736267089844,0.9998756647109985,516.445556640625,257.8697509765625,1.0,548.3777465820312,241.82568359375,0.9999998807907104,581.1484375,271.263916015625,0.9999996423721313,591.678955078125,324.1931457519531,0.9999997019767761
140,492.1141052246094,440.4071044921875,0.9960818290710449,500.4627380371094,369.1808166503906,0.9999992847442627,518.3073120117188,372.90228271484375,0.9999948143959045,546.4492797851562,382.65521240234375,0.9998390674591064,566.302734375,400.0666809082031,0.999984622001648,515.8637084960938,258.5816650390625,1.0,548.6848754882812,243.21546936035156,1.0,580.88330078125,270.83685302734375,0.9999996423721313,591.1102905273438,322.8916931152344,0.9999995231628418
141,493.15985107421875,436.43719482421875,0.9749940633773804,500.5356140136719,369.0274353027344,0.9999985694885254,519.8402709960938,369.10833740234375,0.999984622001648,544.9453735351562,379.4474182128906,0.9998171329498291,567.735107421875,394.00689697265625,0.9993546009063721,516.5020141601562,258.11138916015625,1.0,547.0064697265625,242.701171875,0.9999998807907104,581.9984130859375,270.31475830078125,0.9999994039535522,592.417724609375,323.06671142578125,0.9999997615814209
142,493.86663818359375,437.4763488769531,0.997399628162384,500.78961181640625,369.16180419921875,0.9999979734420776,518.39453125,373.7593688964844,0.9999929666519165,545.0590209960938,383.95416259765625,0.9996970295906067,566.2013549804688,398.75555419921875,0.9996030330657959,516.7411499023438,258.4813232421875,0.9999999403953552,547.1189575195312,242.34707641601562,0.9999998807907104,580.9259033203125,268.6410827636719,0.9999997019767761,592.4488525390625,324.01934814453125,0.9999997019767761
143,529.9249877929688,381.1708679199219,0.005340605974197388,501.8272705078125,365.5428771972656,0.9999961853027344,520.0880126953125,368.464599609375,0.9997662901878357,548.3538818359375,376.8953552246094,0.9992727041244507,570.200927734375,386.69781494140625,0.9948030710220337,516.2330932617188,258.8918151855469,1.0,547.762939453125,242.88864135742188,1.0,581.0485229492188,269.1223449707031,0.9999995231628418,593.2681274414062,323.5026550292969,0.9999997615814209
144,497.89111328125,431.4139404296875,0.33161991834640503,501.5425720214844,365.7536315917969,0.9999982118606567,519.113037109375,367.50848388671875,0.9999490976333618,548.1981811523438,374.81500244140625,0.9997755289077759,569.755126953125,389.00286865234375,0.9996758699417114,516.1954956054688,258.1727600097656,1.0,547.83935546875,242.3425750732422,1.0,580.9635620117188,271.28875732421875,0.9999996423721313,592.0227661132812,324.6640930175781,0.9999996423721313
145,494.9649658203125,435.2135314941406,0.6842989325523376,502.1191711425781,365.7140197753906,0.9999985694885254,520.1109619140625,369.99664306640625,0.9999765157699585,547.5946044921875,379.9112548828125,0.9995051622390747,569.7374877929688,392.8692321777344,0.9987375736236572,516.2861328125,258.1617736816406,1.0,549.06494140625,241.6140899658203,0.9999999403953552,581.2982177734375,270.5068054199219,0.999999463558197,591.675048828125,324.3404541015625,0.9999995231628418
146,495.9317321777344,432.30364990234375,0.006327718496322632,502.8288879394531,366.6607360839844,0.9999974966049194,520.8986206054688,370.1481018066406,0.9999370574951172,547.745849609375,378.0501708984375,0.9997525215148926,568.3173217773438,395.8295593261719,0.9994794130325317,515.8629150390625,258.2506103515625,1.0,547.985595703125,241.8089599609375,1.0,581.4794311523438,271.00469970703125,0.9999997019767761,591.5603637695312,323.2328186035156,0.9999995827674866
147,493.4925231933594,436.992431640625,0.9869928956031799,501.5968322753906,368.0618896484375,0.9999984502792358,519.5952758789062,370.5277404785156,0.9999878406524658,547.3377685546875,378.5800476074219,0.9999375343322754,567.6956787109375,395.3454895019531,0.9998409748077393,516.0051879882812,258.4222717285156,1.0,547.2518310546875,243.8871612548828,0.9999998807907104,581.915283203125,271.44891357421875,0.9999997615814209,592.905029296875,325.1412048339844,0.9999997019767761
148,495.59429931640625,434.0372619628906,0.927656888961792,502.1946716308594,364.0216979980469,0.9999983310699463,520.620849609375,366.48095703125,0.9997956156730652,547.1143188476562,378.5861511230469,0.9976472854614258,568.4422607421875,394.8426818847656,0.9976352453231812,516.7786254882812,257.7769775390625,1.0,546.7115478515625,243.6361541748047,1.0,581.0322265625,270.8395080566406,0.9999996423721313,591.5433959960938,325.1123046875,0.9999983310699463
149,493.1817626953125,435.4380187988281,0.9954365491867065,501.10101318359375,363.8702087402344,0.9999990463256836,518.6578369140625,367.1209411621094,0.9999765157699585,546.1558837890625,377.1806335449219,0.9995056390762329,566.3565063476562,392.97393798828125,0.999687671661377,516.97265625,258.12274169921875,0.9999998807907104,548.5884399414062,243.3547821044922,0.9999998807907104,581.8621826171875,270.7817687988281,0.9999995827674866,591.9655151367188,325.635986328125,0.9999994039535522
150,493.91448974609375,437.66717529296875,0.9976798295974731,501.7717590332031,367.0137634277344,0.9999986886978149,518.7516479492188,370.52301025390625,0.9999607801437378,546.8929443359375,380.8083801269531,0.9993859529495239,567.54345703125,395.3724670410156,0.9988709688186646,517.302734375,259.6492614746094,1.0,547.7149658203125,243.0108184814453,0.9999999403953552,581.8756713867188,270.9649353027344,0.9999995827674866,592.2783813476562,326.1325988769531,0.9999997019767761
151,493.81976318359375,437.8026123046875,0.9575954675674438,502.6175537109375,365.2279968261719,0.9999983310699463,520.3130493164062,367.65191650390625,0.9999364614486694,545.4908447265625,377.6741027832031,0.9998526573181152,567.570556640625,396.3818359375,0.9998654127120972,517.4268188476562,258.7775573730469,1.0,547.7594604492188,242.487060546875,0.9999998211860657,580.939453125,271.86981201171875,0.9999996423721313,591.6888427734375,324.678955078125,0.9999995231628418
152,493.07879638671875,436.780029296875,0.9988484978675842,501.29913330078125,366.9255065917969,0.9999980330467224,520.05126953125,367.99560546875,0.9999714493751526,546.9832763671875,377.8514709472656,0.9998722076416016,569.9838256835938,390.0469970703125,0.9998569488525391,516.6809692382812,258.4552307128906,1.0,547.4488525390625,242.4078826904297,0.9999999403953552,581.7477416992188,272.4593811035156,0.9999997615814209,592.4082641601562,324.5097961425781,0.9999998211860657
153,496.6861877441406,435.5232238769531,0.8353397846221924,500.9420166015625,366.9166259765625,0.9999896287918091,519.2325439453125,372.52862548828125,0.9995841979980469,544.9059448242188,382.2137145996094,0.997061014175415,565.8112182617188,399.0473327636719,0.9998946189880371,516.5390625,257.9058837890625,1.0,547.7769165039062,243.29931640625,1.0,580.8580932617188,271.05712890625,0.9999997615814209,592.094970703125,323.7831115722656,0.9999995827674866
154,498.0212097167969,432.7862548828125,0.9910425543785095,502.6873779296875,366.3139343261719,0.9999984502792358,518.5980224609375,368.6419982910156,0.9999740123748779,546.6275024414062,379.994140625,0.9997348785400391,567.4070434570312,395.38873291015625,0.999599277973175,517.119384765625,259.63128662109375,1.0,547.5965576171875,242.6181182861328,0.9999998807907104,580.5553588867188,270.6354064941406,0.9999992251396179,593.1942138671875,326.88873291015625,0.9999995827674866
155,493.1730651855469,435.5819091796875,0.002671271562576294,501.54449462890625,363.5597229003906,0.9999982714653015,519.0422973632812,368.71234130859375,0.9999407529830933,544.2015380859375,381.71661376953125,0.9984554052352905,565.9164428710938,397.8741455078125,0.9994304180145264,516.3390502929688,256.9177551269531,1.0,547.8409423828125,242.6283721923828,0.9999998807907104,581.5449829101562,271.8696594238281,0.9999997615814209,591.6640014648438,327.07659912109375,0.9999982118606567
156,491.87451171875,437.6474914550781,0.9999438524246216,501.41815185546875,365.09478759765625,0.9999988079071045,519.2353515625,369.2113952636719,0.9999794960021973,546.6885375976562,377.0884704589844,0.9998026490211487,568.5744018554688,393.9617004394531,0.9997832775115967,517.4987182617188,258.15924072265625,1.0,548.4110717773438,242.27113342285156,0.9999998807907104,581.6585083007812,271.30023193359375,0.9999998807907104,592.0245971679688,323.9981689453125,0.9999995827674866
157,492.8849182128906,436.9659118652344,0.9987558126449585,502.15240478515625,367.1115417480469,0.9999969005584717,520.00146484375,369.36456298828125,0.9999717473983765,546.9679565429688,379.7911071777344,0.9999561905860901,568.1831665039062,392.75006103515625,0.9996678829193115,516.3980712890625,259.0359802246094,1.0,548.1759033203125,243.6598663330078,1.0,581.2695922851562,271.6545715332031,0.9999998807907104,592.5391235351562,326.191650390625,0.9999995827674866
158,490.5571594238281,438.4842224121094,0.9684830904006958,500.8839416503906,366.84979248046875,0.9999988079071045,518.3984985351562,370.9794006347656,0.9999961256980896,542.9552001953125,383.16204833984375,0.9996260404586792,565.7625122070312,401.92529296875,0.9999868869781494,516.7384643554688,259.668212890625,1.0,547.44287109375,241.93310546875,0.9999998807907104,582.1077880859375,269.7623596191406,0.9999995231628418,591.5943603515625,327.99102783203125,0.9999979734420776
159,497.65093994140625,433.892578125,0.99991774559021,501.6565246582031,369.2005920410156,0.999998927116394,520.545654296875,372.7221374511719,0.9999901056289673,546.676025390625,383.88641357421875,0.9997684955596924,567.6373291015625,396.934814453125,0.999355673789978,518.440673828125,258.23779296875,0.9999998807907104,547.9005126953125,242.80886840820312,0.9999998807907104,582.13623046875,271.9353942871094,0.9999997615814209,592.1482543945312,326.32373046875,0.9999995231628418
160,499.85595703125,432.71258544921875,0.33830296993255615,502.5035400390625,364.92822265625,0.9999969005584717,522.1972045898438,367.46673583984375,0.9999446868896484,547.7887573242188,376.45135498046875,0.9998910427093506,570.6314086914062,392.94744873046875,0.9992455244064331,516.691650390625,258.70343017578125,1.0,547.0281982421875,243.41305541992188,0.9999998807907104,581.8208618164062,271.8757019042969,0.9999995231628418,592.2259521484375,324.9497375488281,0.9999994039535522
161,491.94873046875,438.39654541015625,0.13274186849594116,500.09918212890625,368.52362060546875,0.9999934434890747,517.8017578125,369.7515869140625,0.9999523162841797,545.6201782226562,381.3436584472656,0.9982584118843079,568.2411499023438,394.4070129394531,0.9985436201095581,517.1093139648438,259.1353759765625,1.0,547.3538818359375,242.84698486328125,1.0,581.31689453125,270.49749755859375,0.9999990463256836,591.6434936523438,324.9985656738281,0.9999991655349731
162,494.9489440917969,437.0586242675781,0.9841295480728149,503.6139221191406,364.66876220703125,0.9999881982803345,521.9217529296875,369.19500732421875,0.9999186992645264,547.6764526367188,379.3855895996094,0.9995167255401611,570.410400390625,397.66473388671875,0.9991703629493713,517.4634399414062,258.67596435546875,1.0,548.37890625,242.8341522216797,0.9999998807907104,580.9396362304688,270.91827392578125,0.9999995231628418,591.6326904296875,325.9313049316406,0.9999986290931702
163,495.567138671875,435.8722839355469,0.6104717254638672,501.5626220703125,366.87738037109375,0.9999985694885254,519.3051147460938,368.6163635253906,0.9999366998672485,548.2235107421875,380.0112609863281,0.9977656602859497,569.627197265625,395.0013732910156,0.9814045429229736,517.130126953125,259.24346923828125,1.0,548.3886108398438,242.2610321044922,0.9999998807907104,581.4181518554688,271.7552490234375,0.9999997615814209,593.3411865234375,325.92877197265625,0.9999994039535522
