EDFile,plxMergeEDFiles,KiloMergedEDFiles,ED_trial,Video_trial,Success
t5601ee.1,,t5601ee.1,1,1,1
t5601ee.1,,t5601ee.1,2,2,1
t5601ee.1,,t5601ee.1,3,3,1
t5601ee.1,,t5601ee.1,4,4,1
t5601ee.1,,t5601ee.1,5,5,1
t5601ee.1,,t5601ee.1,6,6,1
t5601ee.1,,t5601ee.1,7,7,1
t5601ee.1,,t5601ee.1,8,8,1
t5601ee.1,,t5601ee.1,9,9,1
t5601ee.1,,t5601ee.1,10,10,1
t5601ee.1,,t5601ee.1,11,11,0
t5601ee.1,,t5601ee.1,12,12,0
t5601ee.1,,t5601ee.1,13,13,1
t5601ee.1,,t5601ee.1,14,14,0
t5601ee.1,,t5601ee.1,15,15,1
t5601ee.1,,t5601ee.1,16,16,0
t5601ee.1,,t5601ee.1,17,17,1
t5601ee.1,,t5601ee.1,18,18,1
t5601ee.1,,t5601ee.1,19,19,0
t5601ee.1,,t5601ee.1,20,20,1
t5601ee.1,,t5601ee.1,21,21,1
t5601ee.1,,t5601ee.1,22,22,1
t5601ee.1,,t5601ee.1,23,23,1
t5601ee.1,,t5601ee.1,24,24,1
t5601ee.1,,t5601ee.1,25,25,1
t5601ee.1,,t5601ee.1,26,26,1
t5601ee.1,,t5601ee.1,27,27,1
t5601ee.1,,t5601ee.1,28,28,1
t5601ee.1,,t5601ee.1,29,29,1
t5601ee.1,,t5601ee.1,30,30,1
t5601ee.1,,t5601ee.1,31,31,0
t5601ee.1,,t5601ee.1,32,32,1
t5601ee.1,,t5601ee.1,33,33,0
t5601ee.1,,t5601ee.1,34,34,0
t5601ee.1,,t5601ee.1,35,35,0
t5601ee.1,,t5601ee.1,36,36,0
t5601ee.1,,t5601ee.1,37,37,1
t5601ee.1,,t5601ee.1,38,38,1
t5601ee.1,,t5601ee.1,39,39,0
t5601ee.1,,t5601ee.1,40,40,0
t5601ee.1,,t5601ee.1,41,41,1
t5601ee.1,,t5601ee.1,42,42,0
t5601ee.1,,t5601ee.1,43,43,0
t5601ee.1,,t5601ee.1,44,44,1
t5601ee.1,,t5601ee.1,45,45,0
t5601ee.1,,t5601ee.1,46,46,0
t5601ee.1,,t5601ee.1,47,47,1
t5601ee.1,,t5601ee.1,48,48,0
t5601ee.1,,t5601ee.1,49,49,1
t5601ee.1,,t5601ee.1,50,50,1
t5601ee.1,,t5601ee.1,51,51,0
t5601ee.1,,t5601ee.1,52,52,0
t5601ee.1,,t5601ee.1,53,53,0
t5601ee.1,,t5601ee.1,54,54,0
t5601ee.1,,t5601ee.1,55,55,1
t5601ee.1,,t5601ee.1,56,56,1
t5601ee.1,,t5601ee.1,57,57,1
t5601ee.1,,t5601ee.1,58,58,1
t5601ee.1,,t5601ee.1,59,59,0
t5601ee.1,,t5601ee.1,60,60,1
t5601ee.1,,t5601ee.1,61,61,1
t5601ee.1,,t5601ee.1,62,62,1
t5601ee.1,,t5601ee.1,63,63,0
t5601ee.1,,t5601ee.1,64,64,1
t5601ee.1,,t5601ee.1,65,65,1
t5601ee.1,,t5601ee.1,66,66,1
t5601ee.1,,t5601ee.1,67,67,1
t5601ee.1,,t5601ee.1,68,68,1
t5601ee.1,,t5601ee.1,69,69,1
t5601ee.1,,t5601ee.1,70,70,1
t5601ee.1,,t5601ee.1,71,71,1
t5601ee.1,,t5601ee.1,72,72,1
t5601ee.1,,t5601ee.1,73,73,1
t5601ee.1,,t5601ee.1,74,74,1
t5601ee.1,,t5601ee.1,75,75,1
t5601ee.1,,t5601ee.1,76,76,1
t5601ee.1,,t5601ee.1,77,77,0
t5601ee.1,,t5601ee.1,78,78,1
t5601ee.1,,t5601ee.1,79,79,1
t5601ee.1,,t5601ee.1,80,80,0
t5601ee.1,,t5601ee.1,81,81,1
t5601ee.1,,t5601ee.1,82,82,0
t5601ee.1,,t5601ee.1,83,83,1
t5601ee.1,,t5601ee.1,84,84,1
t5601ee.1,,t5601ee.1,85,85,1
t5601ee.1,,t5601ee.1,86,86,1
t5601ee.1,,t5601ee.1,87,87,0
t5601ee.1,,t5601ee.1,88,NaN,0
t5601ee.2,,t5601ee.2,1,88,1
t5601ee.2,,t5601ee.2,2,89,1
t5601ee.2,,t5601ee.2,3,90,0
t5601ee.2,,t5601ee.2,4,91,0
t5601ee.2,,t5601ee.2,5,92,1
t5601ee.2,,t5601ee.2,6,93,1
t5601ee.2,,t5601ee.2,7,94,1
t5601ee.2,,t5601ee.2,8,95,1
t5601ee.2,,t5601ee.2,9,96,1
t5601ee.2,,t5601ee.2,10,97,1
t5601ee.2,,t5601ee.2,11,98,1
t5601ee.2,,t5601ee.2,12,99,1
t5601ee.2,,t5601ee.2,13,100,0
t5601ee.2,,t5601ee.2,14,101,1
t5601ee.2,,t5601ee.2,15,102,1
t5601ee.2,,t5601ee.2,16,103,1
t5601ee.2,,t5601ee.2,17,104,1
t5601ee.2,,t5601ee.2,18,105,1
t5601ee.2,,t5601ee.2,19,106,1
t5601ee.2,,t5601ee.2,20,107,1
t5601ee.2,,t5601ee.2,21,108,1
t5601ee.2,,t5601ee.2,22,109,1
t5601ee.2,,t5601ee.2,23,110,1
t5601ee.2,,t5601ee.2,24,111,1
t5601ee.3,,t5601ee.3,1,112,1
t5601ee.3,,t5601ee.3,2,113,1
t5601ee.3,,t5601ee.3,3,114,1
t5601ee.3,,t5601ee.3,4,115,0
t5601ee.3,,t5601ee.3,5,116,1
t5601ee.3,,t5601ee.3,6,117,0
t5601ee.3,,t5601ee.3,7,118,1
t5601ee.3,,t5601ee.3,8,119,1
t5601ee.3,,t5601ee.3,9,120,0
t5601ee.3,,t5601ee.3,10,121,0
t5601ee.3,,t5601ee.3,11,122,1
t5601ee.3,,t5601ee.3,12,123,1
t5601ee.3,,t5601ee.3,13,124,1
t5601ee.3,,t5601ee.3,14,125,1
t5601ee.3,,t5601ee.3,15,126,0
t5601ee.3,,t5601ee.3,16,127,1
t5601ee.3,,t5601ee.3,17,128,1
t5601ee.3,,t5601ee.3,18,129,1
t5601ee.3,,t5601ee.3,19,130,1
t5601ee.3,,t5601ee.3,20,131,1
t5601ee.3,,t5601ee.3,21,132,1
t5601ee.3,,t5601ee.3,22,133,0
t5601ee.3,,t5601ee.3,23,134,1
t5601ee.3,,t5601ee.3,24,135,0
t5601ee.3,,t5601ee.3,25,136,1
t5601ee.3,,t5601ee.3,26,137,0
t5601ee.3,,t5601ee.3,27,138,1
t5601ee.3,,t5601ee.3,28,139,0
t5601ee.3,,t5601ee.3,29,NaN,0
t5601ee.4,,t5601ee.4,1,140,1
t5601ee.4,,t5601ee.4,2,141,0
t5601ee.4,,t5601ee.4,3,142,1
t5601ee.4,,t5601ee.4,4,143,1
t5601ee.4,,t5601ee.4,5,144,1
t5601ee.4,,t5601ee.4,6,145,1
t5601ee.4,,t5601ee.4,7,146,1
t5601ee.4,,t5601ee.4,8,147,1
t5601ee.4,,t5601ee.4,9,148,1
t5601ee.4,,t5601ee.4,10,149,1
t5601ee.4,,t5601ee.4,11,150,0
t5601ee.4,,t5601ee.4,12,151,1
t5601ee.4,,t5601ee.4,13,152,1
t5601ee.4,,t5601ee.4,14,153,0
t5601ee.4,,t5601ee.4,15,154,0
t5601ee.4,,t5601ee.4,16,155,1
t5601ee.4,,t5601ee.4,17,156,1
t5601ee.4,,t5601ee.4,18,157,0
t5601ee.4,,t5601ee.4,19,158,1
t5601ee.4,,t5601ee.4,20,159,1
t5601ee.4,,t5601ee.4,21,160,1
t5601ee.4,,t5601ee.4,22,161,0
t5601ee.4,,t5601ee.4,23,162,1
t5601ee.4,,t5601ee.4,24,163,1
t5601ee.4,,t5601ee.4,25,164,0
t5601ee.4,,t5601ee.4,26,165,0
t5601ee.4,,t5601ee.4,27,166,0
t5601ee.4,,t5601ee.4,28,167,1
t5601ee.4,,t5601ee.4,29,168,1
t5601ee.4,,t5601ee.4,30,169,1
t5601ee.4,,t5601ee.4,31,170,1
t5601ee.4,,t5601ee.4,32,171,1
t5601ee.4,,t5601ee.4,33,172,1
t5601ee.4,,t5601ee.4,34,173,0
t5601ee.4,,t5601ee.4,35,174,1
t5601ee.4,,t5601ee.4,36,175,1
t5601ee.4,,t5601ee.4,37,176,0
t5601ee.4,,t5601ee.4,38,177,0
t5601ee.4,,t5601ee.4,39,178,0
t5601ee.4,,t5601ee.4,40,179,0
t5601ee.4,,t5601ee.4,41,180,1
t5601ee.4,,t5601ee.4,42,181,1
t5601ee.4,,t5601ee.4,43,182,1
t5601ee.4,,t5601ee.4,44,183,1
t5601ee.4,,t5601ee.4,45,184,1
t5601ee.4,,t5601ee.4,46,185,1
t5601ee.4,,t5601ee.4,47,186,1
t5601ee.4,,t5601ee.4,48,187,0
t5601ee.4,,t5601ee.4,49,188,1
t5601ee.4,,t5601ee.4,50,189,0
t5601ee.4,,t5601ee.4,51,190,1
t5601ee.4,,t5601ee.4,52,191,0
t5601ee.4,,t5601ee.4,53,192,0
t5601ee.4,,t5601ee.4,54,193,0
t5601ee.4,,t5601ee.4,55,194,1
t5601ee.4,,t5601ee.4,56,195,1
t5601ee.4,,t5601ee.4,57,196,0
t5601ee.4,,t5601ee.4,58,197,1
t5601ee.4,,t5601ee.4,59,198,0
t5601ee.4,,t5601ee.4,60,199,0
t5601ee.4,,t5601ee.4,61,200,1
t5601ee.4,,t5601ee.4,62,201,0
t5601ee.4,,t5601ee.4,63,202,0
t5601ee.4,,t5601ee.4,64,203,0
t5601ee.4,,t5601ee.4,65,204,1
t5601ee.4,,t5601ee.4,66,205,1
t5601ee.4,,t5601ee.4,67,206,1
t5601ee.4,,t5601ee.4,68,207,1
t5601ee.4,,t5601ee.4,69,208,1
t5601ee.4,,t5601ee.4,70,209,1
t5601ee.4,,t5601ee.4,71,210,1
t5601ee.4,,t5601ee.4,72,211,0
t5601ee.4,,t5601ee.4,73,212,1
t5601ee.4,,t5601ee.4,74,213,0
t5601ee.4,,t5601ee.4,75,214,0
t5601ee.4,,t5601ee.4,76,215,1
t5601ee.4,,t5601ee.4,77,216,0
t5601ee.4,,t5601ee.4,78,217,0
t5601ee.4,,t5601ee.4,79,218,1
t5601ee.4,,t5601ee.4,80,219,1
t5601ee.4,,t5601ee.4,81,220,0
t5601ee.4,,t5601ee.4,82,221,0
t5601ee.4,,t5601ee.4,83,222,0
t5601ee.4,,t5601ee.4,84,223,1
t5601ee.4,,t5601ee.4,85,224,1
t5601ee.4,,t5601ee.4,86,225,1
t5601ee.4,,t5601ee.4,87,226,1
t5601ee.4,,t5601ee.4,88,227,0
t5601ee.4,,t5601ee.4,89,228,1
t5601ee.4,,t5601ee.4,90,229,1
t5601ee.4,,t5601ee.4,91,230,1
t5601ee.4,,t5601ee.4,92,231,0
t5601ee.4,,t5601ee.4,93,232,0
t5601ee.4,,t5601ee.4,94,233,0
t5601ee.4,,t5601ee.4,95,234,1
t5601ee.4,,t5601ee.4,96,235,1
t5601ee.4,,t5601ee.4,97,236,0
t5601ee.4,,t5601ee.4,98,237,0
t5601ee.4,,t5601ee.4,99,238,1
t5601ee.4,,t5601ee.4,100,239,0
t5601ee.4,,t5601ee.4,101,NaN,0
t5601ee.5,,t5601ee.5,1,240,1
t5601ee.5,,t5601ee.5,2,241,1
t5601ee.5,,t5601ee.5,3,242,0
t5601ee.5,,t5601ee.5,4,243,1
t5601ee.5,,t5601ee.5,5,244,1
t5601ee.5,,t5601ee.5,6,245,1
t5601ee.5,,t5601ee.5,7,246,1
t5601ee.5,,t5601ee.5,8,247,1
t5601ee.5,,t5601ee.5,9,248,1
t5601ee.5,,t5601ee.5,10,249,1
t5601ee.5,,t5601ee.5,11,250,1
t5601ee.5,,t5601ee.5,12,251,1
t5601ee.5,,t5601ee.5,13,252,1
t5601ee.5,,t5601ee.5,14,253,0
t5601ee.5,,t5601ee.5,15,254,1
t5601ee.5,,t5601ee.5,16,255,1
t5601ee.5,,t5601ee.5,17,256,1
t5601ee.5,,t5601ee.5,18,257,1
t5601ee.5,,t5601ee.5,19,258,1
t5601ee.5,,t5601ee.5,20,259,1
t5601ee.5,,t5601ee.5,21,260,1
t5601ee.5,,t5601ee.5,22,261,0
t5601ee.5,,t5601ee.5,23,262,1
t5601ee.5,,t5601ee.5,24,263,1
t5601ee.5,,t5601ee.5,25,264,1
t5601ee.5,,t5601ee.5,26,265,1
t5601ee.5,,t5601ee.5,27,266,0
t5601ee.5,,t5601ee.5,28,267,1
t5601ee.5,,t5601ee.5,29,268,0
t5601ee.5,,t5601ee.5,30,269,0
t5601ee.5,,t5601ee.5,31,270,0
t5601ee.5,,t5601ee.5,32,271,1
t5601ee.5,,t5601ee.5,33,272,1
t5601ee.5,,t5601ee.5,34,273,1
t5601ee.5,,t5601ee.5,35,274,1
t5601ee.5,,t5601ee.5,36,275,1
t5601ee.5,,t5601ee.5,37,276,1
t5601ee.5,,t5601ee.5,38,277,1
t5601ee.5,,t5601ee.5,39,278,1
t5601ee.5,,t5601ee.5,40,279,0
t5601ee.5,,t5601ee.5,41,280,1
t5601ee.5,,t5601ee.5,42,281,1
t5601ee.5,,t5601ee.5,43,282,1
t5601ee.5,,t5601ee.5,44,283,1
t5601ee.5,,t5601ee.5,45,284,1
t5601ee.5,,t5601ee.5,46,285,1
t5601ee.5,,t5601ee.5,47,286,0
t5601ee.5,,t5601ee.5,48,287,1
t5601ee.5,,t5601ee.5,49,288,1
t5601ee.5,,t5601ee.5,50,289,1
t5601ee.5,,t5601ee.5,51,290,1
t5601ee.5,,t5601ee.5,52,291,0
t5601ee.5,,t5601ee.5,53,292,1
t5601ee.5,,t5601ee.5,54,293,1
t5601ee.5,,t5601ee.5,55,294,1
t5601ee.5,,t5601ee.5,56,295,0
t5601ee.5,,t5601ee.5,57,296,1
t5601ee.5,,t5601ee.5,58,297,1
t5601ee.5,,t5601ee.5,59,298,0
t5601ee.5,,t5601ee.5,60,299,1
t5601ee.5,,t5601ee.5,61,300,1
t5601ee.5,,t5601ee.5,62,301,1
t5601ee.5,,t5601ee.5,63,302,1
t5601ee.5,,t5601ee.5,64,303,1
t5601ee.5,,t5601ee.5,65,304,0
t5601ee.5,,t5601ee.5,66,305,1
t5601ee.5,,t5601ee.5,67,306,1
t5601ee.5,,t5601ee.5,68,307,1
t5601ee.5,,t5601ee.5,69,308,1
t5601ee.5,,t5601ee.5,70,309,1
t5601ee.5,,t5601ee.5,71,310,1
t5601ee.5,,t5601ee.5,72,311,1
t5601ee.5,,t5601ee.5,73,312,1
t5601ee.5,,t5601ee.5,74,313,0
t5601ee.5,,t5601ee.5,75,NaN,0
t5601ee.6,,t5601ee.6,1,314,1
t5601ee.6,,t5601ee.6,2,315,1
t5601ee.6,,t5601ee.6,3,316,0
t5601ee.6,,t5601ee.6,4,317,1
t5601ee.6,,t5601ee.6,5,318,1
t5601ee.6,,t5601ee.6,6,319,0
t5601ee.6,,t5601ee.6,7,320,1
t5601ee.6,,t5601ee.6,8,321,1
t5601ee.6,,t5601ee.6,9,322,0
t5601ee.6,,t5601ee.6,10,323,1
t5601ee.6,,t5601ee.6,11,324,1
t5601ee.6,,t5601ee.6,12,325,0
t5601ee.6,,t5601ee.6,13,326,1
t5601ee.6,,t5601ee.6,14,327,1
t5601ee.6,,t5601ee.6,15,328,1
t5601ee.6,,t5601ee.6,16,329,1
t5601ee.6,,t5601ee.6,17,330,1
t5601ee.6,,t5601ee.6,18,331,1
t5601ee.6,,t5601ee.6,19,332,1
t5601ee.6,,t5601ee.6,20,333,1
t5601ee.6,,t5601ee.6,21,334,1
t5601ee.6,,t5601ee.6,22,335,0
t5601ee.6,,t5601ee.6,23,336,1
t5601ee.6,,t5601ee.6,24,337,1
t5601ee.6,,t5601ee.6,25,338,1
t5601ee.6,,t5601ee.6,26,339,1
t5601ee.6,,t5601ee.6,27,340,1
t5601ee.6,,t5601ee.6,28,341,1
t5601ee.6,,t5601ee.6,29,342,1
t5601ee.6,,t5601ee.6,30,343,1
t5601ee.6,,t5601ee.6,31,344,0
t5601ee.6,,t5601ee.6,32,345,1
t5601ee.6,,t5601ee.6,33,346,0
t5601ee.6,,t5601ee.6,34,347,0
t5601ee.6,,t5601ee.6,35,348,1
t5601ee.6,,t5601ee.6,36,349,1
t5601ee.6,,t5601ee.6,37,350,1
t5601ee.6,,t5601ee.6,38,351,0
t5601ee.6,,t5601ee.6,39,352,1
t5601ee.6,,t5601ee.6,40,353,0
t5601ee.6,,t5601ee.6,41,354,1
t5601ee.6,,t5601ee.6,42,355,1
t5601ee.6,,t5601ee.6,43,356,1
t5601ee.6,,t5601ee.6,44,357,0
t5601ee.6,,t5601ee.6,45,358,1
t5601ee.6,,t5601ee.6,46,359,1
t5601ee.6,,t5601ee.6,47,360,1
t5601ee.6,,t5601ee.6,48,361,1
t5601ee.6,,t5601ee.6,49,362,0
t5601ee.6,,t5601ee.6,50,363,1
t5601ee.6,,t5601ee.6,51,364,1
t5601ee.6,,t5601ee.6,52,365,1
t5601ee.6,,t5601ee.6,53,366,1
t5601ee.6,,t5601ee.6,54,367,1
t5601ee.6,,t5601ee.6,55,368,1
t5601ee.6,,t5601ee.6,56,369,1
t5601ee.6,,t5601ee.6,57,370,1
t5601ee.6,,t5601ee.6,58,371,0
t5601ee.6,,t5601ee.6,59,372,1
t5601ee.6,,t5601ee.6,60,373,1
t5601ee.6,,t5601ee.6,61,374,1
t5601ee.6,,t5601ee.6,62,375,1
t5601ee.6,,t5601ee.6,63,376,1
t5601ee.6,,t5601ee.6,64,377,1
t5601ee.6,,t5601ee.6,65,378,0
t5601ee.6,,t5601ee.6,66,379,1
t5601ee.6,,t5601ee.6,67,380,0
t5601ee.6,,t5601ee.6,68,381,1
t5601ee.6,,t5601ee.6,69,382,1
t5601ee.6,,t5601ee.6,70,383,1
t5601ee.6,,t5601ee.6,71,384,1
t5601ee.6,,t5601ee.6,72,385,0
t5601ee.6,,t5601ee.6,73,386,0
t5601ee.6,,t5601ee.6,74,387,1
t5601ee.6,,t5601ee.6,75,388,1
t5601ee.6,,t5601ee.6,76,389,1
t5601ee.6,,t5601ee.6,77,390,0
t5601ee.6,,t5601ee.6,78,391,1
t5601ee.6,,t5601ee.6,79,392,0
t5601ee.6,,t5601ee.6,80,NaN,0
t5601ee.7,,t5601ee.7,1,393,0
t5601ee.7,,t5601ee.7,2,394,1
t5601ee.7,,t5601ee.7,3,395,1
t5601ee.7,,t5601ee.7,4,396,0
t5601ee.7,,t5601ee.7,5,397,1
t5601ee.7,,t5601ee.7,6,398,1
t5601ee.7,,t5601ee.7,7,399,1
t5601ee.7,,t5601ee.7,8,400,1
t5601ee.7,,t5601ee.7,9,401,0
t5601ee.7,,t5601ee.7,10,402,1
t5601ee.7,,t5601ee.7,11,403,1
t5601ee.7,,t5601ee.7,12,404,1
t5601ee.7,,t5601ee.7,13,405,0
t5601ee.7,,t5601ee.7,14,406,1
t5601ee.7,,t5601ee.7,15,407,1
t5601ee.7,,t5601ee.7,16,408,1
t5601ee.7,,t5601ee.7,17,409,1
t5601ee.7,,t5601ee.7,18,410,1
t5601ee.7,,t5601ee.7,19,411,0
t5601ee.7,,t5601ee.7,20,412,1
t5601ee.7,,t5601ee.7,21,413,1
t5601ee.7,,t5601ee.7,22,414,1
t5601ee.7,,t5601ee.7,23,415,1
t5601ee.7,,t5601ee.7,24,416,1
t5601ee.7,,t5601ee.7,25,417,0
t5601ee.7,,t5601ee.7,26,418,1
t5601ee.8,,t5601ee.8,1,419,1
t5601ee.8,,t5601ee.8,2,420,1
t5601ee.8,,t5601ee.8,3,421,1
t5601ee.8,,t5601ee.8,4,422,1
t5601ee.8,,t5601ee.8,5,423,1
t5601ee.8,,t5601ee.8,6,424,1
t5601ee.8,,t5601ee.8,7,425,1
t5601ee.8,,t5601ee.8,8,426,1
t5601ee.8,,t5601ee.8,9,427,1
t5601ee.8,,t5601ee.8,10,428,0
t5601ee.8,,t5601ee.8,11,429,1
t5601ee.8,,t5601ee.8,12,430,1
t5601ee.8,,t5601ee.8,13,431,1
t5601ee.8,,t5601ee.8,14,432,1
t5601ee.8,,t5601ee.8,15,433,1
t5601ee.8,,t5601ee.8,16,434,1
t5601ee.8,,t5601ee.8,17,435,1
t5601ee.8,,t5601ee.8,18,436,1
t5601ee.8,,t5601ee.8,19,437,1
t5601ee.8,,t5601ee.8,20,438,1
t5601ee.8,,t5601ee.8,21,439,1
t5601ee.8,,t5601ee.8,22,440,0
t5601ee.8,,t5601ee.8,23,NaN,0
t5601ee.9,,t5601ee.9,1,441,1
t5601ee.9,,t5601ee.9,2,442,1
t5601ee.9,,t5601ee.9,3,443,0
t5601ee.9,,t5601ee.9,4,444,1
t5601ee.9,,t5601ee.9,5,445,1
t5601ee.9,,t5601ee.9,6,446,1
t5601ee.9,,t5601ee.9,7,447,0
t5601ee.9,,t5601ee.9,8,448,1
t5601ee.9,,t5601ee.9,9,449,0
t5601ee.9,,t5601ee.9,10,450,1
t5601ee.9,,t5601ee.9,11,451,1
t5601ee.9,,t5601ee.9,12,452,1
t5601ee.9,,t5601ee.9,13,453,0
t5601ee.9,,t5601ee.9,14,454,1
t5601ee.9,,t5601ee.9,15,455,1
t5601ee.9,,t5601ee.9,16,456,1
t5601ee.9,,t5601ee.9,17,457,1
t5601ee.9,,t5601ee.9,18,458,0
t5601ee.9,,t5601ee.9,19,459,0
t5601ee.9,,t5601ee.9,20,460,1
t5601ee.9,,t5601ee.9,21,461,1
t5601ee.9,,t5601ee.9,22,462,1
t5601ee.9,,t5601ee.9,23,463,1
t5601ee.9,,t5601ee.9,24,464,1
t5601ee.9,,t5601ee.9,25,465,0
t5601ee.9,,t5601ee.9,26,466,1
t5601ee.9,,t5601ee.9,27,467,1
t5601ee.9,,t5601ee.9,28,468,1
t5601ee.9,,t5601ee.9,29,469,1
t5601ee.9,,t5601ee.9,30,470,1
t5601ee.9,,t5601ee.9,31,471,1
t5601ee.9,,t5601ee.9,32,472,1
t5601ee.9,,t5601ee.9,33,473,1
t5601ee.9,,t5601ee.9,34,474,1
t5601ee.9,,t5601ee.9,35,475,1
t5601ee.9,,t5601ee.9,36,476,1
t5601ee.9,,t5601ee.9,37,477,1
t5601ee.9,,t5601ee.9,38,478,1
t5601ee.9,,t5601ee.9,39,479,1
t5601ee.9,,t5601ee.9,40,480,0
t5601ee.9,,t5601ee.9,41,481,1
t5601ee.9,,t5601ee.9,42,482,1
t5601ee.9,,t5601ee.9,43,483,0
t5601ee.9,,t5601ee.9,44,484,0
t5601ee.9,,t5601ee.9,45,485,0
t5601ee.9,,t5601ee.9,46,486,1
t5601ee.9,,t5601ee.9,47,487,1
t5601ee.9,,t5601ee.9,48,488,1
t5601ee.9,,t5601ee.9,49,489,1
t5601ee.9,,t5601ee.9,50,490,1
t5601ee.9,,t5601ee.9,51,491,0
t5601ee.9,,t5601ee.9,52,492,1
t5601ee.9,,t5601ee.9,53,493,1
t5601ee.9,,t5601ee.9,54,494,1
t5601ee.9,,t5601ee.9,55,495,1
t5601ee.9,,t5601ee.9,56,496,1
t5601ee.9,,t5601ee.9,57,497,1
t5601ee.9,,t5601ee.9,58,498,1
t5601ee.9,,t5601ee.9,59,499,1
t5601ee.9,,t5601ee.9,60,500,1
t5601ee.9,,t5601ee.9,61,501,0
t5601ee.9,,t5601ee.9,62,502,1
t5601ee.9,,t5601ee.9,63,503,0
t5601ee.9,,t5601ee.9,64,504,0
t5601ee.9,,t5601ee.9,65,505,0
t5601ee.9,,t5601ee.9,66,506,1
t5601ee.9,,t5601ee.9,67,507,0
t5601ee.9,,t5601ee.9,68,508,0
t5601ee.9,,t5601ee.9,69,509,1
t5601ee.9,,t5601ee.9,70,510,1
t5601ee.9,,t5601ee.9,71,511,1
t5601ee.9,,t5601ee.9,72,512,0
t5601ee.9,,t5601ee.9,73,513,1
t5601ee.9,,t5601ee.9,74,514,0
t5601ee.9,,t5601ee.9,75,515,1
t5601ee.9,,t5601ee.9,76,516,1
t5601ee.9,,t5601ee.9,77,517,0
t5601ee.9,,t5601ee.9,78,518,0
t5601ee.9,,t5601ee.9,79,519,1
t5601ee.9,,t5601ee.9,80,520,1
t5601ee.9,,t5601ee.9,81,521,1
t5601ee.9,,t5601ee.9,82,522,0
t5601ee.9,,t5601ee.9,83,523,1
t5601ee.9,,t5601ee.9,84,524,0
t5601ee.9,,t5601ee.9,85,NaN,0
t5601ee.10,,t5601ee.10,1,525,0
t5601ee.10,,t5601ee.10,2,526,1
t5601ee.10,,t5601ee.10,3,527,1
t5601ee.10,,t5601ee.10,4,528,1
t5601ee.10,,t5601ee.10,5,529,1
t5601ee.10,,t5601ee.10,6,530,1
t5601ee.10,,t5601ee.10,7,531,1
t5601ee.10,,t5601ee.10,8,532,1
t5601ee.10,,t5601ee.10,9,533,1
t5601ee.10,,t5601ee.10,10,534,1
t5601ee.10,,t5601ee.10,11,535,1
t5601ee.10,,t5601ee.10,12,536,1
t5601ee.10,,t5601ee.10,13,537,1
t5601ee.10,,t5601ee.10,14,538,1
t5601ee.10,,t5601ee.10,15,539,1
t5601ee.10,,t5601ee.10,16,540,1
t5601ee.10,,t5601ee.10,17,541,1
t5601ee.10,,t5601ee.10,18,542,0
t5601ee.10,,t5601ee.10,19,543,1
t5601ee.10,,t5601ee.10,20,544,1
t5601ee.10,,t5601ee.10,21,545,1
t5601ee.10,,t5601ee.10,22,546,1
t5601ee.10,,t5601ee.10,23,547,1
t5601ee.10,,t5601ee.10,24,548,1
t5601ee.10,,t5601ee.10,25,549,0
t5601ee.10,,t5601ee.10,26,550,1
t5601ee.10,,t5601ee.10,27,551,1
t5601ee.10,,t5601ee.10,28,552,1
t5601ee.10,,t5601ee.10,29,553,1
t5601ee.10,,t5601ee.10,30,554,1
t5601ee.10,,t5601ee.10,31,555,1
t5601ee.10,,t5601ee.10,32,556,1
t5601ee.10,,t5601ee.10,33,557,0
t5601ee.10,,t5601ee.10,34,558,1
t5601ee.10,,t5601ee.10,35,559,1
t5601ee.10,,t5601ee.10,36,560,1
t5601ee.10,,t5601ee.10,37,561,0
t5601ee.10,,t5601ee.10,38,562,1
t5601ee.10,,t5601ee.10,39,563,0
t5601ee.10,,t5601ee.10,40,564,1
t5601ee.10,,t5601ee.10,41,565,1
t5601ee.10,,t5601ee.10,42,566,1
t5601ee.10,,t5601ee.10,43,567,1
t5601ee.10,,t5601ee.10,44,568,1
t5601ee.10,,t5601ee.10,45,569,1
t5601ee.10,,t5601ee.10,46,570,1
t5601ee.10,,t5601ee.10,47,571,1
t5601ee.10,,t5601ee.10,48,572,1
t5601ee.10,,t5601ee.10,49,573,1
t5601ee.10,,t5601ee.10,50,574,1
t5601ee.10,,t5601ee.10,51,575,1
t5601ee.10,,t5601ee.10,52,576,1
t5601ee.10,,t5601ee.10,53,577,1
t5601ee.10,,t5601ee.10,54,578,1
t5601ee.10,,t5601ee.10,55,579,1
t5601ee.10,,t5601ee.10,56,580,1
t5601ee.10,,t5601ee.10,57,581,1
t5601ee.10,,t5601ee.10,58,582,1
t5601ee.10,,t5601ee.10,59,583,1
t5601ee.10,,t5601ee.10,60,584,0
t5601ee.10,,t5601ee.10,61,585,1
t5601ee.10,,t5601ee.10,62,586,1
t5601ee.10,,t5601ee.10,63,587,1
t5601ee.10,,t5601ee.10,64,588,0
t5601ee.10,,t5601ee.10,65,589,1
t5601ee.10,,t5601ee.10,66,590,1
t5601ee.10,,t5601ee.10,67,591,1
t5601ee.10,,t5601ee.10,68,592,1
t5601ee.10,,t5601ee.10,69,593,0
t5601ee.10,,t5601ee.10,70,NaN,0
t5601ee.11,,t5601ee.11,1,594,1
t5601ee.11,,t5601ee.11,2,595,1
t5601ee.11,,t5601ee.11,3,596,1
t5601ee.11,,t5601ee.11,4,597,1
t5601ee.11,,t5601ee.11,5,598,1
t5601ee.11,,t5601ee.11,6,599,1
t5601ee.11,,t5601ee.11,7,600,1
t5601ee.11,,t5601ee.11,8,601,0
t5601ee.11,,t5601ee.11,9,602,1
t5601ee.11,,t5601ee.11,10,603,1
t5601ee.11,,t5601ee.11,11,604,1
t5601ee.11,,t5601ee.11,12,605,1
t5601ee.11,,t5601ee.11,13,606,1
t5601ee.11,,t5601ee.11,14,607,1
t5601ee.11,,t5601ee.11,15,608,1
t5601ee.11,,t5601ee.11,16,609,1
t5601ee.11,,t5601ee.11,17,610,1
t5601ee.11,,t5601ee.11,18,611,1
t5601ee.11,,t5601ee.11,19,612,0
t5601ee.11,,t5601ee.11,20,613,1
t5601ee.11,,t5601ee.11,21,614,1
t5601ee.11,,t5601ee.11,22,615,1
t5601ee.11,,t5601ee.11,23,616,0
t5601ee.11,,t5601ee.11,24,617,1
t5601ee.11,,t5601ee.11,25,618,1
t5601ee.11,,t5601ee.11,26,619,1
t5601ee.11,,t5601ee.11,27,620,1
t5601ee.11,,t5601ee.11,28,621,1
t5601ee.11,,t5601ee.11,29,622,1
t5601ee.11,,t5601ee.11,30,623,0
t5601ee.11,,t5601ee.11,31,624,0
t5601ee.11,,t5601ee.11,32,625,1
t5601ee.11,,t5601ee.11,33,626,0
t5601ee.11,,t5601ee.11,34,627,1
t5601ee.11,,t5601ee.11,35,628,1
t5601ee.11,,t5601ee.11,36,629,0
t5601ee.11,,t5601ee.11,37,630,1
t5601ee.11,,t5601ee.11,38,631,1
t5601ee.11,,t5601ee.11,39,632,1
t5601ee.11,,t5601ee.11,40,633,1
t5601ee.11,,t5601ee.11,41,634,0
t5601ee.11,,t5601ee.11,42,635,1
t5601ee.11,,t5601ee.11,43,636,1
t5601ee.11,,t5601ee.11,44,637,1
t5601ee.11,,t5601ee.11,45,638,1
t5601ee.11,,t5601ee.11,46,639,0
t5601ee.11,,t5601ee.11,47,640,0
t5601ee.11,,t5601ee.11,48,641,0
t5601ee.11,,t5601ee.11,49,642,0
t5601ee.11,,t5601ee.11,50,NaN,0
t5601ee.11,,t5601ee.11,51,643,0
t5601ee.11,,t5601ee.11,52,644,1
t5601ee.11,,t5601ee.11,53,645,1
t5601ee.11,,t5601ee.11,54,646,1
t5601ee.11,,t5601ee.11,55,647,1
t5601ee.11,,t5601ee.11,56,648,1
t5601ee.11,,t5601ee.11,57,649,1
t5601ee.11,,t5601ee.11,58,650,1
t5601ee.11,,t5601ee.11,59,651,1
t5601ee.11,,t5601ee.11,60,652,1
t5601ee.11,,t5601ee.11,61,653,1
t5601ee.11,,t5601ee.11,62,654,1
t5601ee.11,,t5601ee.11,63,655,1
t5601ee.11,,t5601ee.11,64,656,1
t5601ee.11,,t5601ee.11,65,657,1
t5601ee.11,,t5601ee.11,66,658,1
t5601ee.11,,t5601ee.11,67,659,1
t5601ee.11,,t5601ee.11,68,660,0
t5601ee.11,,t5601ee.11,69,661,0
t5601ee.11,,t5601ee.11,70,662,1
t5601ee.11,,t5601ee.11,71,663,1
t5601ee.11,,t5601ee.11,72,664,1
t5601ee.11,,t5601ee.11,73,665,1
t5601ee.11,,t5601ee.11,74,666,1
t5601ee.11,,t5601ee.11,75,667,0
t5601ee.11,,t5601ee.11,76,668,0
t5601ee.11,,t5601ee.11,77,669,1
t5601ee.11,,t5601ee.11,78,670,1
t5601ee.11,,t5601ee.11,79,671,0
t5601ee.11,,t5601ee.11,80,NaN,0
t5601ee.12,,t5601ee.12,1,672,1
t5601ee.12,,t5601ee.12,2,673,1
t5601ee.12,,t5601ee.12,3,674,1
t5601ee.12,,t5601ee.12,4,675,1
t5601ee.12,,t5601ee.12,5,676,0
t5601ee.12,,t5601ee.12,6,677,1
t5601ee.12,,t5601ee.12,7,678,1
t5601ee.12,,t5601ee.12,8,679,0
t5601ee.12,,t5601ee.12,9,680,1
t5601ee.12,,t5601ee.12,10,681,1
t5601ee.12,,t5601ee.12,11,682,1
t5601ee.12,,t5601ee.12,12,683,1
t5601ee.12,,t5601ee.12,13,684,1
t5601ee.12,,t5601ee.12,14,685,1
t5601ee.12,,t5601ee.12,15,686,1
t5601ee.12,,t5601ee.12,16,687,1
t5601ee.12,,t5601ee.12,17,688,1
t5601ee.12,,t5601ee.12,18,689,1
t5601ee.12,,t5601ee.12,19,690,1
t5601ee.12,,t5601ee.12,20,691,1
t5601ee.12,,t5601ee.12,21,692,1
t5601ee.12,,t5601ee.12,22,693,1
t5601ee.12,,t5601ee.12,23,694,0
t5601ee.12,,t5601ee.12,24,NaN,0
t5601ee.13,,t5601ee.13,1,695,1
t5601ee.13,,t5601ee.13,2,696,1
t5601ee.13,,t5601ee.13,3,697,1
t5601ee.13,,t5601ee.13,4,698,1
t5601ee.13,,t5601ee.13,5,699,1
t5601ee.13,,t5601ee.13,6,700,1
t5601ee.13,,t5601ee.13,7,701,1
t5601ee.13,,t5601ee.13,8,702,0
t5601ee.13,,t5601ee.13,9,703,1
t5601ee.13,,t5601ee.13,10,704,1
t5601ee.13,,t5601ee.13,11,705,1
t5601ee.13,,t5601ee.13,12,706,1
t5601ee.13,,t5601ee.13,13,707,1
t5601ee.13,,t5601ee.13,14,708,1
t5601ee.13,,t5601ee.13,15,709,0
t5601ee.13,,t5601ee.13,16,710,1
t5601ee.13,,t5601ee.13,17,711,1
t5601ee.13,,t5601ee.13,18,712,1
t5601ee.13,,t5601ee.13,19,713,0
t5601ee.13,,t5601ee.13,20,714,1
t5601ee.13,,t5601ee.13,21,715,1
t5601ee.13,,t5601ee.13,22,716,1
t5601ee.13,,t5601ee.13,23,717,1
t5601ee.13,,t5601ee.13,24,718,0
t5601ee.13,,t5601ee.13,25,NaN,0
t5601ee.14,,t5601ee.14,1,719,1
t5601ee.14,,t5601ee.14,2,720,1
t5601ee.14,,t5601ee.14,3,721,1
t5601ee.14,,t5601ee.14,4,722,1
t5601ee.14,,t5601ee.14,5,723,1
t5601ee.14,,t5601ee.14,6,724,1
t5601ee.14,,t5601ee.14,7,725,1
t5601ee.14,,t5601ee.14,8,726,1
t5601ee.14,,t5601ee.14,9,727,1
t5601ee.14,,t5601ee.14,10,728,1
t5601ee.14,,t5601ee.14,11,729,1
t5601ee.14,,t5601ee.14,12,730,0
t5601ee.14,,t5601ee.14,13,731,1
t5601ee.14,,t5601ee.14,14,732,1
t5601ee.14,,t5601ee.14,15,733,1
t5601ee.14,,t5601ee.14,16,734,1
t5601ee.14,,t5601ee.14,17,735,0
t5601ee.14,,t5601ee.14,18,736,1
t5601ee.14,,t5601ee.14,19,737,1
t5601ee.14,,t5601ee.14,20,738,1
t5601ee.14,,t5601ee.14,21,739,1
t5601ee.14,,t5601ee.14,22,740,1
t5601ee.14,,t5601ee.14,23,741,0
t5601ee.14,,t5601ee.14,24,742,1
t5601ee.14,,t5601ee.14,25,743,1
t5601ee.14,,t5601ee.14,26,744,1
t5601ee.14,,t5601ee.14,27,745,1
t5601ee.14,,t5601ee.14,28,746,1
t5601ee.14,,t5601ee.14,29,747,1
t5601ee.14,,t5601ee.14,30,748,1
t5601ee.14,,t5601ee.14,31,749,1
t5601ee.14,,t5601ee.14,32,750,0
t5601ee.14,,t5601ee.14,33,751,1
t5601ee.14,,t5601ee.14,34,752,0
t5601ee.14,,t5601ee.14,35,753,1
t5601ee.14,,t5601ee.14,36,754,1
t5601ee.14,,t5601ee.14,37,755,1
t5601ee.14,,t5601ee.14,38,756,0
t5601ee.14,,t5601ee.14,39,757,1
t5601ee.14,,t5601ee.14,40,758,1
t5601ee.14,,t5601ee.14,41,759,0
t5601ee.14,,t5601ee.14,42,760,0
t5601ee.14,,t5601ee.14,43,761,0
t5601ee.14,,t5601ee.14,44,762,1
t5601ee.14,,t5601ee.14,45,763,1
t5601ee.14,,t5601ee.14,46,764,1
t5601ee.14,,t5601ee.14,47,765,0
t5601ee.14,,t5601ee.14,48,766,0
t5601ee.14,,t5601ee.14,49,767,0
t5601ee.14,,t5601ee.14,50,768,0
t5601ee.14,,t5601ee.14,51,769,1
t5601ee.14,,t5601ee.14,52,770,1
t5601ee.14,,t5601ee.14,53,771,1
t5601ee.14,,t5601ee.14,54,772,1
t5601ee.14,,t5601ee.14,55,773,1
t5601ee.14,,t5601ee.14,56,774,0
t5601ee.14,,t5601ee.14,57,775,1
t5601ee.14,,t5601ee.14,58,776,0
t5601ee.14,,t5601ee.14,59,777,1
t5601ee.14,,t5601ee.14,60,778,0
t5601ee.14,,t5601ee.14,61,779,1
t5601ee.14,,t5601ee.14,62,780,1
t5601ee.14,,t5601ee.14,63,781,1
t5601ee.14,,t5601ee.14,64,782,1
t5601ee.14,,t5601ee.14,65,783,0
t5601ee.14,,t5601ee.14,66,784,0
t5601ee.14,,t5601ee.14,67,785,1
t5601ee.14,,t5601ee.14,68,786,1
t5601ee.14,,t5601ee.14,69,787,1
t5601ee.14,,t5601ee.14,70,788,1
t5601ee.14,,t5601ee.14,71,789,1
t5601ee.14,,t5601ee.14,72,790,0
t5601ee.14,,t5601ee.14,73,791,1
t5601ee.14,,t5601ee.14,74,792,0
t5601ee.14,,t5601ee.14,75,793,1
t5601ee.14,,t5601ee.14,76,794,1
t5601ee.14,,t5601ee.14,77,795,1
t5601ee.14,,t5601ee.14,78,796,0
t5601ee.14,,t5601ee.14,79,797,0
t5601ee.14,,t5601ee.14,80,798,1
t5601ee.14,,t5601ee.14,81,799,0
t5601ee.14,,t5601ee.14,82,800,0
t5601ee.14,,t5601ee.14,83,801,1
t5601ee.14,,t5601ee.14,84,802,0
t5601ee.14,,t5601ee.14,85,803,1
t5601ee.14,,t5601ee.14,86,804,0
t5601ee.14,,t5601ee.14,87,NaN,0
t5601ee.15,,t5601ee.15,1,805,0
t5601ee.15,,t5601ee.15,2,806,1
t5601ee.15,,t5601ee.15,3,807,1
t5601ee.15,,t5601ee.15,4,808,1
t5601ee.15,,t5601ee.15,5,809,1
t5601ee.15,,t5601ee.15,6,810,0
t5601ee.15,,t5601ee.15,7,811,1
t5601ee.15,,t5601ee.15,8,812,1
t5601ee.15,,t5601ee.15,9,813,1
t5601ee.15,,t5601ee.15,10,814,1
t5601ee.15,,t5601ee.15,11,815,0
t5601ee.15,,t5601ee.15,12,816,1
t5601ee.15,,t5601ee.15,13,817,1
t5601ee.15,,t5601ee.15,14,818,0
t5601ee.15,,t5601ee.15,15,819,1
t5601ee.15,,t5601ee.15,16,820,1
t5601ee.15,,t5601ee.15,17,821,1
t5601ee.15,,t5601ee.15,18,822,1
t5601ee.15,,t5601ee.15,19,823,1
t5601ee.15,,t5601ee.15,20,824,0
t5601ee.15,,t5601ee.15,21,825,1
t5601ee.15,,t5601ee.15,22,826,1
t5601ee.15,,t5601ee.15,23,827,1
t5601ee.15,,t5601ee.15,24,828,1
t5601ee.15,,t5601ee.15,25,829,0
t5601ee.15,,t5601ee.15,26,830,1
t5601ee.15,,t5601ee.15,27,831,1
t5601ee.15,,t5601ee.15,28,832,1
t5601ee.15,,t5601ee.15,29,833,1
t5601ee.15,,t5601ee.15,30,834,1
t5601ee.15,,t5601ee.15,31,835,1
t5601ee.15,,t5601ee.15,32,836,1
t5601ee.15,,t5601ee.15,33,837,1
t5601ee.15,,t5601ee.15,34,838,1
t5601ee.15,,t5601ee.15,35,839,0
t5601ee.15,,t5601ee.15,36,840,1
t5601ee.15,,t5601ee.15,37,841,1
t5601ee.15,,t5601ee.15,38,842,0
t5601ee.15,,t5601ee.15,39,843,1
t5601ee.15,,t5601ee.15,40,844,1
t5601ee.15,,t5601ee.15,41,845,1
t5601ee.15,,t5601ee.15,42,846,1
t5601ee.15,,t5601ee.15,43,847,1
t5601ee.15,,t5601ee.15,44,848,0
t5601ee.15,,t5601ee.15,45,849,1
t5601ee.15,,t5601ee.15,46,850,1
t5601ee.15,,t5601ee.15,47,851,0
t5601ee.15,,t5601ee.15,48,852,0
t5601ee.15,,t5601ee.15,49,853,1
t5601ee.15,,t5601ee.15,50,854,1
t5601ee.15,,t5601ee.15,51,855,0
t5601ee.15,,t5601ee.15,52,856,1
t5601ee.15,,t5601ee.15,53,857,0
t5601ee.15,,t5601ee.15,54,858,0
t5601ee.15,,t5601ee.15,55,859,0
t5601ee.15,,t5601ee.15,56,860,0
t5601ee.15,,t5601ee.15,57,861,1
t5601ee.15,,t5601ee.15,58,862,1
t5601ee.15,,t5601ee.15,59,863,1
t5601ee.15,,t5601ee.15,60,864,1
t5601ee.15,,t5601ee.15,61,865,1
t5601ee.15,,t5601ee.15,62,866,1
t5601ee.15,,t5601ee.15,63,867,0
t5601ee.15,,t5601ee.15,64,868,1
t5601ee.15,,t5601ee.15,65,869,0
t5601ee.15,,t5601ee.15,66,870,1
t5601ee.15,,t5601ee.15,67,871,1
t5601ee.15,,t5601ee.15,68,872,1
t5601ee.15,,t5601ee.15,69,873,0
t5601ee.15,,t5601ee.15,70,874,0
t5601ee.15,,t5601ee.15,71,875,1
t5601ee.15,,t5601ee.15,72,876,1
t5601ee.15,,t5601ee.15,73,877,1
t5601ee.15,,t5601ee.15,74,878,1
t5601ee.15,,t5601ee.15,75,879,1
t5601ee.15,,t5601ee.15,76,880,1
t5601ee.15,,t5601ee.15,77,881,1
t5601ee.15,,t5601ee.15,78,882,1
t5601ee.15,,t5601ee.15,79,883,1
t5601ee.15,,t5601ee.15,80,884,1
t5601ee.15,,t5601ee.15,81,885,1
t5601ee.15,,t5601ee.15,82,886,1
t5601ee.15,,t5601ee.15,83,887,0
t5601ee.15,,t5601ee.15,84,NaN,0
t5601ee.16,,t5601ee.16,1,888,1
t5601ee.16,,t5601ee.16,2,889,1
t5601ee.16,,t5601ee.16,3,890,1
t5601ee.16,,t5601ee.16,4,891,1
t5601ee.16,,t5601ee.16,5,892,1
t5601ee.16,,t5601ee.16,6,893,1
t5601ee.16,,t5601ee.16,7,894,0
t5601ee.16,,t5601ee.16,8,895,0
t5601ee.16,,t5601ee.16,9,896,1
t5601ee.16,,t5601ee.16,10,897,1
t5601ee.16,,t5601ee.16,11,898,1
t5601ee.16,,t5601ee.16,12,899,1
t5601ee.16,,t5601ee.16,13,900,1
t5601ee.16,,t5601ee.16,14,901,0
t5601ee.16,,t5601ee.16,15,902,1
t5601ee.16,,t5601ee.16,16,903,1
t5601ee.16,,t5601ee.16,17,904,0
t5601ee.16,,t5601ee.16,18,905,1
t5601ee.16,,t5601ee.16,19,906,1
t5601ee.16,,t5601ee.16,20,907,1
t5601ee.16,,t5601ee.16,21,908,0
t5601ee.16,,t5601ee.16,22,909,1
t5601ee.16,,t5601ee.16,23,910,0
t5601ee.16,,t5601ee.16,24,911,0
t5601ee.16,,t5601ee.16,25,912,0
t5601ee.16,,t5601ee.16,26,913,1
t5601ee.16,,t5601ee.16,27,914,1
t5601ee.16,,t5601ee.16,28,915,1
t5601ee.16,,t5601ee.16,29,916,1
t5601ee.16,,t5601ee.16,30,917,0
t5601ee.16,,t5601ee.16,31,918,0
t5601ee.16,,t5601ee.16,32,919,1
t5601ee.16,,t5601ee.16,33,920,0
t5601ee.16,,t5601ee.16,34,921,0
t5601ee.16,,t5601ee.16,35,922,1
t5601ee.16,,t5601ee.16,36,923,1
t5601ee.16,,t5601ee.16,37,924,1
t5601ee.16,,t5601ee.16,38,925,1
t5601ee.16,,t5601ee.16,39,926,1
t5601ee.16,,t5601ee.16,40,927,1
t5601ee.16,,t5601ee.16,41,928,1
t5601ee.16,,t5601ee.16,42,929,1
t5601ee.16,,t5601ee.16,43,930,1
t5601ee.16,,t5601ee.16,44,931,1
t5601ee.16,,t5601ee.16,45,932,1
t5601ee.16,,t5601ee.16,46,933,0
t5601ee.16,,t5601ee.16,47,934,1
t5601ee.16,,t5601ee.16,48,935,1
t5601ee.16,,t5601ee.16,49,936,1
t5601ee.16,,t5601ee.16,50,937,0
t5601ee.16,,t5601ee.16,51,938,1
t5601ee.16,,t5601ee.16,52,939,1
t5601ee.16,,t5601ee.16,53,940,0
t5601ee.16,,t5601ee.16,54,941,1
t5601ee.16,,t5601ee.16,55,942,1
t5601ee.16,,t5601ee.16,56,943,1
t5601ee.16,,t5601ee.16,57,944,1
t5601ee.16,,t5601ee.16,58,945,0
t5601ee.16,,t5601ee.16,59,946,0
t5601ee.16,,t5601ee.16,60,947,1
t5601ee.16,,t5601ee.16,61,948,1
t5601ee.16,,t5601ee.16,62,949,0
t5601ee.16,,t5601ee.16,63,950,1
t5601ee.16,,t5601ee.16,64,951,0
t5601ee.16,,t5601ee.16,65,952,1
t5601ee.16,,t5601ee.16,66,953,1
t5601ee.16,,t5601ee.16,67,954,0
t5601ee.16,,t5601ee.16,68,955,1
t5601ee.16,,t5601ee.16,69,956,1
t5601ee.16,,t5601ee.16,70,957,1
t5601ee.16,,t5601ee.16,71,958,1
t5601ee.16,,t5601ee.16,72,959,1
t5601ee.16,,t5601ee.16,73,960,0
t5601ee.16,,t5601ee.16,74,961,1
t5601ee.16,,t5601ee.16,75,962,1
t5601ee.16,,t5601ee.16,76,963,0
t5601ee.16,,t5601ee.16,77,964,1
t5601ee.16,,t5601ee.16,78,965,0
t5601ee.16,,t5601ee.16,79,966,1
t5601ee.16,,t5601ee.16,80,967,1
t5601ee.16,,t5601ee.16,81,968,1
t5601ee.16,,t5601ee.16,82,969,0
t5601ee.16,,t5601ee.16,83,NaN,0
t5601ee.17,,t5601ee.17,1,970,1
t5601ee.17,,t5601ee.17,2,971,1
t5601ee.17,,t5601ee.17,3,972,0
t5601ee.17,,t5601ee.17,4,973,1
t5601ee.17,,t5601ee.17,5,974,1
t5601ee.17,,t5601ee.17,6,975,1
t5601ee.17,,t5601ee.17,7,976,1
t5601ee.17,,t5601ee.17,8,977,1
t5601ee.17,,t5601ee.17,9,978,0
t5601ee.17,,t5601ee.17,10,979,1
t5601ee.17,,t5601ee.17,11,980,1
t5601ee.17,,t5601ee.17,12,981,1
t5601ee.17,,t5601ee.17,13,982,1
t5601ee.17,,t5601ee.17,14,983,1
t5601ee.17,,t5601ee.17,15,984,0
t5601ee.17,,t5601ee.17,16,985,1
t5601ee.17,,t5601ee.17,17,986,1
t5601ee.17,,t5601ee.17,18,987,1
t5601ee.17,,t5601ee.17,19,988,1
t5601ee.17,,t5601ee.17,20,989,1
t5601ee.17,,t5601ee.17,21,990,1
t5601ee.17,,t5601ee.17,22,991,1
t5601ee.17,,t5601ee.17,23,992,1
t5601ee.17,,t5601ee.17,24,993,0
t5601ee.17,,t5601ee.17,25,NaN,0
t5601ee.18,,t5601ee.18,1,994,0
t5601ee.18,,t5601ee.18,2,995,1
t5601ee.18,,t5601ee.18,3,996,1
t5601ee.18,,t5601ee.18,4,997,1
t5601ee.18,,t5601ee.18,5,998,0
t5601ee.18,,t5601ee.18,6,999,1
t5601ee.18,,t5601ee.18,7,1000,1
t5601ee.18,,t5601ee.18,8,1001,1
t5601ee.18,,t5601ee.18,9,1002,1
t5601ee.18,,t5601ee.18,10,1003,1
t5601ee.18,,t5601ee.18,11,1004,0
t5601ee.18,,t5601ee.18,12,1005,1
t5601ee.18,,t5601ee.18,13,1006,1
t5601ee.18,,t5601ee.18,14,1007,1
t5601ee.18,,t5601ee.18,15,1008,1
t5601ee.18,,t5601ee.18,16,1009,1
t5601ee.18,,t5601ee.18,17,1010,1
t5601ee.18,,t5601ee.18,18,1011,0
t5601ee.18,,t5601ee.18,19,1012,1
t5601ee.18,,t5601ee.18,20,1013,1
t5601ee.18,,t5601ee.18,21,1014,1
t5601ee.18,,t5601ee.18,22,1015,0
t5601ee.18,,t5601ee.18,23,1016,1
t5601ee.18,,t5601ee.18,24,1017,0
t5601ee.18,,t5601ee.18,25,1018,1
t5601ee.18,,t5601ee.18,26,1019,1
t5601ee.18,,t5601ee.18,27,1020,0
t5601ee.18,,t5601ee.18,28,NaN,0
t5601ee.19,,t5601ee.19,1,1021,1
t5601ee.19,,t5601ee.19,2,1022,1
t5601ee.19,,t5601ee.19,3,1023,1
t5601ee.19,,t5601ee.19,4,1024,1
t5601ee.19,,t5601ee.19,5,1025,1
t5601ee.19,,t5601ee.19,6,1026,1
t5601ee.19,,t5601ee.19,7,1027,1
t5601ee.19,,t5601ee.19,8,1028,1
t5601ee.19,,t5601ee.19,9,1029,0
t5601ee.19,,t5601ee.19,10,1030,1
t5601ee.19,,t5601ee.19,11,1031,1
t5601ee.19,,t5601ee.19,12,1032,1
t5601ee.19,,t5601ee.19,13,1033,0
t5601ee.19,,t5601ee.19,14,1034,0
t5601ee.19,,t5601ee.19,15,1035,1
t5601ee.19,,t5601ee.19,16,1036,1
t5601ee.19,,t5601ee.19,17,1037,1
t5601ee.19,,t5601ee.19,18,1038,1
t5601ee.19,,t5601ee.19,19,1039,0
t5601ee.19,,t5601ee.19,20,1040,1
t5601ee.19,,t5601ee.19,21,1041,1
t5601ee.19,,t5601ee.19,22,1042,1
t5601ee.19,,t5601ee.19,23,1043,1
t5601ee.19,,t5601ee.19,24,1044,0
t5601ee.19,,t5601ee.19,25,1045,1
t5601ee.19,,t5601ee.19,26,1046,1
t5601ee.19,,t5601ee.19,27,1047,0
t5601ee.19,,t5601ee.19,28,1048,1
t5601ee.19,,t5601ee.19,29,1049,1
t5601ee.19,,t5601ee.19,30,1050,0
t5601ee.19,,t5601ee.19,31,1051,1
t5601ee.19,,t5601ee.19,32,1052,1
t5601ee.19,,t5601ee.19,33,1053,1
t5601ee.19,,t5601ee.19,34,1054,1
t5601ee.19,,t5601ee.19,35,1055,1
t5601ee.19,,t5601ee.19,36,1056,0
t5601ee.19,,t5601ee.19,37,1057,1
t5601ee.19,,t5601ee.19,38,1058,1
t5601ee.19,,t5601ee.19,39,1059,1
t5601ee.19,,t5601ee.19,40,1060,1
t5601ee.19,,t5601ee.19,41,1061,1
t5601ee.19,,t5601ee.19,42,1062,1
t5601ee.19,,t5601ee.19,43,1063,1
t5601ee.19,,t5601ee.19,44,1064,1
t5601ee.19,,t5601ee.19,45,1065,1
t5601ee.19,,t5601ee.19,46,1066,1
t5601ee.19,,t5601ee.19,47,1067,1
t5601ee.19,,t5601ee.19,48,1068,1
t5601ee.19,,t5601ee.19,49,1069,0
t5601ee.19,,t5601ee.19,50,1070,1
t5601ee.19,,t5601ee.19,51,1071,1
t5601ee.19,,t5601ee.19,52,1072,0
t5601ee.19,,t5601ee.19,53,1073,1
t5601ee.19,,t5601ee.19,54,1074,1
t5601ee.19,,t5601ee.19,55,1075,1
t5601ee.19,,t5601ee.19,56,1076,1
t5601ee.19,,t5601ee.19,57,1077,1
t5601ee.19,,t5601ee.19,58,1078,1
t5601ee.19,,t5601ee.19,59,1079,1
t5601ee.19,,t5601ee.19,60,1080,1
t5601ee.19,,t5601ee.19,61,1081,1
t5601ee.19,,t5601ee.19,62,1082,1
t5601ee.19,,t5601ee.19,63,1083,1
t5601ee.19,,t5601ee.19,64,1084,1
t5601ee.19,,t5601ee.19,65,1085,0
t5601ee.19,,t5601ee.19,66,1086,0
t5601ee.19,,t5601ee.19,67,1087,1
t5601ee.19,,t5601ee.19,68,1088,0
t5601ee.19,,t5601ee.19,69,1089,1
t5601ee.19,,t5601ee.19,70,1090,1
t5601ee.19,,t5601ee.19,71,1091,1
t5601ee.19,,t5601ee.19,72,1092,1
t5601ee.19,,t5601ee.19,73,1093,1
t5601ee.19,,t5601ee.19,74,1094,1
t5601ee.19,,t5601ee.19,75,1095,0
t5601ee.19,,t5601ee.19,76,NaN,0
t5601ee.20,,t5601ee.20,1,1096,1
t5601ee.20,,t5601ee.20,2,1097,1
t5601ee.20,,t5601ee.20,3,1098,1
t5601ee.20,,t5601ee.20,4,1099,1
t5601ee.20,,t5601ee.20,5,1100,1
t5601ee.20,,t5601ee.20,6,1101,0
t5601ee.20,,t5601ee.20,7,1102,1
t5601ee.20,,t5601ee.20,8,1103,1
t5601ee.20,,t5601ee.20,9,1104,0
t5601ee.20,,t5601ee.20,10,1105,1
t5601ee.20,,t5601ee.20,11,1106,0
t5601ee.20,,t5601ee.20,12,1107,0
t5601ee.20,,t5601ee.20,13,1108,1
t5601ee.20,,t5601ee.20,14,1109,0
t5601ee.20,,t5601ee.20,15,1110,1
t5601ee.20,,t5601ee.20,16,1111,1
t5601ee.20,,t5601ee.20,17,1112,1
t5601ee.20,,t5601ee.20,18,1113,1
t5601ee.20,,t5601ee.20,19,1114,1
t5601ee.20,,t5601ee.20,20,1115,1
t5601ee.20,,t5601ee.20,21,1116,0
t5601ee.20,,t5601ee.20,22,1117,1
t5601ee.20,,t5601ee.20,23,1118,1
t5601ee.20,,t5601ee.20,24,1119,1
t5601ee.20,,t5601ee.20,25,1120,1
t5601ee.20,,t5601ee.20,26,1121,1
t5601ee.20,,t5601ee.20,27,1122,0
t5601ee.20,,t5601ee.20,28,1123,1
t5601ee.20,,t5601ee.20,29,1124,1
t5601ee.20,,t5601ee.20,30,1125,1
t5601ee.20,,t5601ee.20,31,1126,1
t5601ee.20,,t5601ee.20,32,1127,1
t5601ee.20,,t5601ee.20,33,1128,1
t5601ee.20,,t5601ee.20,34,1129,1
t5601ee.20,,t5601ee.20,35,1130,1
t5601ee.20,,t5601ee.20,36,1131,1
t5601ee.20,,t5601ee.20,37,1132,1
t5601ee.20,,t5601ee.20,38,1133,0
t5601ee.20,,t5601ee.20,39,1134,1
t5601ee.20,,t5601ee.20,40,1135,1
t5601ee.20,,t5601ee.20,41,1136,1
t5601ee.20,,t5601ee.20,42,1137,1
t5601ee.20,,t5601ee.20,43,1138,1
t5601ee.20,,t5601ee.20,44,1139,1
t5601ee.20,,t5601ee.20,45,1140,1
t5601ee.20,,t5601ee.20,46,1141,1
t5601ee.20,,t5601ee.20,47,1142,1
t5601ee.20,,t5601ee.20,48,1143,1
t5601ee.20,,t5601ee.20,49,1144,0
t5601ee.20,,t5601ee.20,50,1145,1
t5601ee.20,,t5601ee.20,51,1146,1
t5601ee.20,,t5601ee.20,52,1147,1
t5601ee.20,,t5601ee.20,53,1148,1
t5601ee.20,,t5601ee.20,54,1149,1
t5601ee.20,,t5601ee.20,55,1150,1
t5601ee.20,,t5601ee.20,56,1151,0
t5601ee.20,,t5601ee.20,57,1152,1
t5601ee.20,,t5601ee.20,58,1153,1
t5601ee.20,,t5601ee.20,59,1154,1
t5601ee.20,,t5601ee.20,60,1155,1
t5601ee.20,,t5601ee.20,61,1156,0
t5601ee.20,,t5601ee.20,62,1157,1
t5601ee.20,,t5601ee.20,63,1158,1
t5601ee.20,,t5601ee.20,64,1159,1
t5601ee.20,,t5601ee.20,65,1160,1
t5601ee.20,,t5601ee.20,66,1161,1
t5601ee.20,,t5601ee.20,67,1162,1
t5601ee.20,,t5601ee.20,68,1163,1
t5601ee.20,,t5601ee.20,69,1164,1
t5601ee.20,,t5601ee.20,70,1165,1
t5601ee.20,,t5601ee.20,71,1166,0
t5601ee.20,,t5601ee.20,72,NaN,0
t5601ee.21,,t5601ee.21,1,1167,0
t5601ee.21,,t5601ee.21,2,1168,1
t5601ee.21,,t5601ee.21,3,1169,1
t5601ee.21,,t5601ee.21,4,1170,1
t5601ee.21,,t5601ee.21,5,1171,1
t5601ee.21,,t5601ee.21,6,1172,0
t5601ee.21,,t5601ee.21,7,1173,1
t5601ee.21,,t5601ee.21,8,1174,1
t5601ee.21,,t5601ee.21,9,1175,1
t5601ee.21,,t5601ee.21,10,1176,1
t5601ee.21,,t5601ee.21,11,1177,1
t5601ee.21,,t5601ee.21,12,1178,0
t5601ee.21,,t5601ee.21,13,1179,1
t5601ee.21,,t5601ee.21,14,1180,0
t5601ee.21,,t5601ee.21,15,1181,1
t5601ee.21,,t5601ee.21,16,1182,1
t5601ee.21,,t5601ee.21,17,1183,1
t5601ee.21,,t5601ee.21,18,1184,1
t5601ee.21,,t5601ee.21,19,1185,0
t5601ee.21,,t5601ee.21,20,1186,1
t5601ee.21,,t5601ee.21,21,1187,1
t5601ee.21,,t5601ee.21,22,1188,1
t5601ee.21,,t5601ee.21,23,1189,1
t5601ee.21,,t5601ee.21,24,1190,1
t5601ee.21,,t5601ee.21,25,1191,1
t5601ee.21,,t5601ee.21,26,1192,1
t5601ee.21,,t5601ee.21,27,1193,1
t5601ee.21,,t5601ee.21,28,1194,1
t5601ee.21,,t5601ee.21,29,1195,1
t5601ee.21,,t5601ee.21,30,1196,1
t5601ee.21,,t5601ee.21,31,1197,1
t5601ee.21,,t5601ee.21,32,1198,1
t5601ee.21,,t5601ee.21,33,1199,1
t5601ee.21,,t5601ee.21,34,1200,1
t5601ee.21,,t5601ee.21,35,1201,1
t5601ee.21,,t5601ee.21,36,1202,1
t5601ee.21,,t5601ee.21,37,1203,1
t5601ee.21,,t5601ee.21,38,1204,1
t5601ee.21,,t5601ee.21,39,1205,1
t5601ee.21,,t5601ee.21,40,1206,0
t5601ee.21,,t5601ee.21,41,1207,1
t5601ee.21,,t5601ee.21,42,1208,1
t5601ee.21,,t5601ee.21,43,1209,1
t5601ee.21,,t5601ee.21,44,1210,1
t5601ee.21,,t5601ee.21,45,1211,1
t5601ee.21,,t5601ee.21,46,1212,1
t5601ee.21,,t5601ee.21,47,1213,1
t5601ee.21,,t5601ee.21,48,1214,1
t5601ee.21,,t5601ee.21,49,1215,0
t5601ee.21,,t5601ee.21,50,1216,1
t5601ee.21,,t5601ee.21,51,1217,1
t5601ee.21,,t5601ee.21,52,1218,1
t5601ee.21,,t5601ee.21,53,1219,1
t5601ee.21,,t5601ee.21,54,1220,1
t5601ee.21,,t5601ee.21,55,1221,1
t5601ee.21,,t5601ee.21,56,1222,1
t5601ee.21,,t5601ee.21,57,1223,1
t5601ee.21,,t5601ee.21,58,1224,1
t5601ee.21,,t5601ee.21,59,1225,1
t5601ee.21,,t5601ee.21,60,1226,0
t5601ee.21,,t5601ee.21,61,1227,1
t5601ee.21,,t5601ee.21,62,1228,1
t5601ee.21,,t5601ee.21,63,1229,1
t5601ee.21,,t5601ee.21,64,1230,1
t5601ee.21,,t5601ee.21,65,1231,1
t5601ee.21,,t5601ee.21,66,1232,1
t5601ee.21,,t5601ee.21,67,1233,1
t5601ee.21,,t5601ee.21,68,1234,1
t5601ee.21,,t5601ee.21,69,1235,1
t5601ee.22,,t5601ee.22,1,1236,1
t5601ee.22,,t5601ee.22,2,1237,0
t5601ee.22,,t5601ee.22,3,1238,1
t5601ee.22,,t5601ee.22,4,1239,1
t5601ee.22,,t5601ee.22,5,1240,1
t5601ee.22,,t5601ee.22,6,1241,0
t5601ee.22,,t5601ee.22,7,1242,1
t5601ee.22,,t5601ee.22,8,1243,1
t5601ee.22,,t5601ee.22,9,1244,0
t5601ee.22,,t5601ee.22,10,1245,1
t5601ee.22,,t5601ee.22,11,1246,0
t5601ee.22,,t5601ee.22,12,1247,1
t5601ee.22,,t5601ee.22,13,1248,1
t5601ee.22,,t5601ee.22,14,1249,0
t5601ee.22,,t5601ee.22,15,1250,1
t5601ee.22,,t5601ee.22,16,1251,0
t5601ee.22,,t5601ee.22,17,1252,0
t5601ee.22,,t5601ee.22,18,1253,1
t5601ee.22,,t5601ee.22,19,1254,1
t5601ee.22,,t5601ee.22,20,1255,0
t5601ee.22,,t5601ee.22,21,1256,0
t5601ee.22,,t5601ee.22,22,1257,1
t5601ee.22,,t5601ee.22,23,1258,1
t5601ee.22,,t5601ee.22,24,1259,1
t5601ee.22,,t5601ee.22,25,1260,1
t5601ee.22,,t5601ee.22,26,1261,1
t5601ee.22,,t5601ee.22,27,1262,1
t5601ee.22,,t5601ee.22,28,1263,0
t5601ee.22,,t5601ee.22,29,1264,0
t5601ee.22,,t5601ee.22,30,1265,1
t5601ee.22,,t5601ee.22,31,1266,0
t5601ee.22,,t5601ee.22,32,NaN,0
t5601ee.23,,t5601ee.23,1,1267,1
t5601ee.23,,t5601ee.23,2,1268,1
t5601ee.23,,t5601ee.23,3,1269,1
t5601ee.23,,t5601ee.23,4,1270,0
t5601ee.23,,t5601ee.23,5,1271,1
t5601ee.23,,t5601ee.23,6,1272,1
t5601ee.23,,t5601ee.23,7,1273,1
t5601ee.23,,t5601ee.23,8,1274,1
t5601ee.23,,t5601ee.23,9,1275,0
t5601ee.23,,t5601ee.23,10,1276,1
t5601ee.23,,t5601ee.23,11,1277,1
t5601ee.23,,t5601ee.23,12,1278,1
t5601ee.23,,t5601ee.23,13,1279,1
t5601ee.23,,t5601ee.23,14,1280,0
t5601ee.23,,t5601ee.23,15,1281,1
t5601ee.23,,t5601ee.23,16,1282,1
t5601ee.23,,t5601ee.23,17,1283,0
t5601ee.23,,t5601ee.23,18,1284,1
t5601ee.23,,t5601ee.23,19,1285,0
t5601ee.23,,t5601ee.23,20,1286,0
t5601ee.23,,t5601ee.23,21,1287,1
t5601ee.23,,t5601ee.23,22,1288,1
t5601ee.23,,t5601ee.23,23,1289,1
t5601ee.23,,t5601ee.23,24,1290,1
t5601ee.23,,t5601ee.23,25,1291,0
t5601ee.23,,t5601ee.23,26,1292,0
t5601ee.23,,t5601ee.23,27,1293,1
t5601ee.23,,t5601ee.23,28,1294,1
t5601ee.23,,t5601ee.23,29,1295,0
t5601ee.23,,t5601ee.23,30,NaN,0
t5601ee.24,,t5601ee.24,1,1296,1
t5601ee.24,,t5601ee.24,2,1297,0
t5601ee.24,,t5601ee.24,3,1298,0
t5601ee.24,,t5601ee.24,4,1299,1
t5601ee.24,,t5601ee.24,5,1300,1
t5601ee.24,,t5601ee.24,6,1301,1
t5601ee.24,,t5601ee.24,7,1302,1
t5601ee.24,,t5601ee.24,8,1303,1
t5601ee.24,,t5601ee.24,9,1304,0
t5601ee.24,,t5601ee.24,10,1305,1
t5601ee.24,,t5601ee.24,11,1306,1
t5601ee.24,,t5601ee.24,12,1307,1
t5601ee.24,,t5601ee.24,13,1308,0
t5601ee.24,,t5601ee.24,14,1309,1
t5601ee.24,,t5601ee.24,15,1310,1
t5601ee.24,,t5601ee.24,16,1311,1
t5601ee.24,,t5601ee.24,17,1312,1
t5601ee.24,,t5601ee.24,18,1313,1
t5601ee.24,,t5601ee.24,19,1314,1
t5601ee.24,,t5601ee.24,20,1315,1
t5601ee.24,,t5601ee.24,21,1316,1
t5601ee.24,,t5601ee.24,22,1317,1
t5601ee.24,,t5601ee.24,23,1318,0
t5601ee.24,,t5601ee.24,24,1319,1
t5601ee.24,,t5601ee.24,25,1320,0
t5601ee.24,,t5601ee.24,26,1321,1
t5601ee.24,,t5601ee.24,27,1322,0
t5601ee.24,,t5601ee.24,28,1323,1
t5601ee.24,,t5601ee.24,29,1324,1
t5601ee.24,,t5601ee.24,30,1325,1
t5601ee.24,,t5601ee.24,31,1326,1
t5601ee.24,,t5601ee.24,32,1327,1
t5601ee.24,,t5601ee.24,33,1328,1
t5601ee.24,,t5601ee.24,34,1329,1
t5601ee.24,,t5601ee.24,35,1330,1
t5601ee.24,,t5601ee.24,36,1331,0
t5601ee.24,,t5601ee.24,37,1332,0
t5601ee.24,,t5601ee.24,38,1333,1
t5601ee.24,,t5601ee.24,39,1334,0
t5601ee.24,,t5601ee.24,40,1335,1
t5601ee.24,,t5601ee.24,41,1336,1
t5601ee.24,,t5601ee.24,42,1337,1
t5601ee.24,,t5601ee.24,43,1338,1
t5601ee.24,,t5601ee.24,44,1339,1
t5601ee.24,,t5601ee.24,45,1340,1
t5601ee.24,,t5601ee.24,46,1341,1
t5601ee.24,,t5601ee.24,47,1342,0
t5601ee.24,,t5601ee.24,48,1343,1
t5601ee.24,,t5601ee.24,49,1344,1
t5601ee.24,,t5601ee.24,50,1345,1
t5601ee.24,,t5601ee.24,51,1346,1
t5601ee.24,,t5601ee.24,52,1347,1
t5601ee.24,,t5601ee.24,53,1348,1
t5601ee.24,,t5601ee.24,54,1349,1
t5601ee.24,,t5601ee.24,55,1350,1
t5601ee.24,,t5601ee.24,56,1351,0
t5601ee.24,,t5601ee.24,57,1352,1
t5601ee.24,,t5601ee.24,58,1353,1
t5601ee.24,,t5601ee.24,59,1354,1
t5601ee.24,,t5601ee.24,60,1355,0
t5601ee.24,,t5601ee.24,61,1356,1
t5601ee.24,,t5601ee.24,62,1357,0
t5601ee.24,,t5601ee.24,63,1358,0
t5601ee.24,,t5601ee.24,64,1359,1
t5601ee.24,,t5601ee.24,65,1360,1
t5601ee.24,,t5601ee.24,66,1361,1
t5601ee.24,,t5601ee.24,67,1362,1
t5601ee.24,,t5601ee.24,68,1363,1
t5601ee.24,,t5601ee.24,69,1364,0
t5601ee.24,,t5601ee.24,70,1365,1
t5601ee.24,,t5601ee.24,71,1366,1
t5601ee.24,,t5601ee.24,72,1367,1
t5601ee.24,,t5601ee.24,73,1368,1
t5601ee.24,,t5601ee.24,74,1369,1
t5601ee.24,,t5601ee.24,75,1370,1
t5601ee.24,,t5601ee.24,76,1371,1
t5601ee.24,,t5601ee.24,77,1372,0
t5601ee.24,,t5601ee.24,78,NaN,0
t5601ee.25,,t5601ee.25,1,1373,0
t5601ee.25,,t5601ee.25,2,1374,1
t5601ee.25,,t5601ee.25,3,1375,1
t5601ee.25,,t5601ee.25,4,1376,1
t5601ee.25,,t5601ee.25,5,1377,0
t5601ee.25,,t5601ee.25,6,1378,1
t5601ee.25,,t5601ee.25,7,1379,1
t5601ee.25,,t5601ee.25,8,1380,0
t5601ee.25,,t5601ee.25,9,1381,1
t5601ee.25,,t5601ee.25,10,1382,1
t5601ee.25,,t5601ee.25,11,1383,1
t5601ee.25,,t5601ee.25,12,1384,1
t5601ee.25,,t5601ee.25,13,1385,1
t5601ee.25,,t5601ee.25,14,1386,0
t5601ee.25,,t5601ee.25,15,1387,0
t5601ee.25,,t5601ee.25,16,1388,1
t5601ee.25,,t5601ee.25,17,1389,1
t5601ee.25,,t5601ee.25,18,1390,1
t5601ee.25,,t5601ee.25,19,1391,1
t5601ee.25,,t5601ee.25,20,1392,1
t5601ee.25,,t5601ee.25,21,1393,1
t5601ee.25,,t5601ee.25,22,1394,1
t5601ee.25,,t5601ee.25,23,1395,1
t5601ee.25,,t5601ee.25,24,1396,1
t5601ee.25,,t5601ee.25,25,1397,1
t5601ee.25,,t5601ee.25,26,1398,1
t5601ee.25,,t5601ee.25,27,1399,1
t5601ee.25,,t5601ee.25,28,1400,0
t5601ee.25,,t5601ee.25,29,1401,1
t5601ee.25,,t5601ee.25,30,1402,0
t5601ee.25,,t5601ee.25,31,1403,1
t5601ee.25,,t5601ee.25,32,1404,1
t5601ee.25,,t5601ee.25,33,1405,1
t5601ee.25,,t5601ee.25,34,1406,0
t5601ee.25,,t5601ee.25,35,1407,1
t5601ee.25,,t5601ee.25,36,1408,1
t5601ee.25,,t5601ee.25,37,1409,1
t5601ee.25,,t5601ee.25,38,1410,0
t5601ee.25,,t5601ee.25,39,1411,1
t5601ee.25,,t5601ee.25,40,1412,1
t5601ee.25,,t5601ee.25,41,1413,0
t5601ee.25,,t5601ee.25,42,1414,0
t5601ee.25,,t5601ee.25,43,1415,1
t5601ee.25,,t5601ee.25,44,1416,1
t5601ee.25,,t5601ee.25,45,1417,1
t5601ee.25,,t5601ee.25,46,1418,1
t5601ee.25,,t5601ee.25,47,1419,1
t5601ee.25,,t5601ee.25,48,1420,0
t5601ee.25,,t5601ee.25,49,1421,1
t5601ee.25,,t5601ee.25,50,1422,1
t5601ee.25,,t5601ee.25,51,1423,1
t5601ee.25,,t5601ee.25,52,1424,1
t5601ee.25,,t5601ee.25,53,1425,1
t5601ee.25,,t5601ee.25,54,1426,1
t5601ee.25,,t5601ee.25,55,1427,0
t5601ee.25,,t5601ee.25,56,1428,1
t5601ee.25,,t5601ee.25,57,1429,0
t5601ee.25,,t5601ee.25,58,1430,1
t5601ee.25,,t5601ee.25,59,1431,1
t5601ee.25,,t5601ee.25,60,1432,0
t5601ee.25,,t5601ee.25,61,1433,1
t5601ee.25,,t5601ee.25,62,1434,1
t5601ee.25,,t5601ee.25,63,1435,1
t5601ee.25,,t5601ee.25,64,1436,1
t5601ee.25,,t5601ee.25,65,1437,0
t5601ee.25,,t5601ee.25,66,1438,0
t5601ee.25,,t5601ee.25,67,1439,1
t5601ee.25,,t5601ee.25,68,1440,0
t5601ee.25,,t5601ee.25,69,1441,1
t5601ee.25,,t5601ee.25,70,1442,0
t5601ee.25,,t5601ee.25,71,1443,1
t5601ee.25,,t5601ee.25,72,1444,1
t5601ee.25,,t5601ee.25,73,1445,1
t5601ee.25,,t5601ee.25,74,1446,1
t5601ee.25,,t5601ee.25,75,1447,1
t5601ee.25,,t5601ee.25,76,1448,1
t5601ee.25,,t5601ee.25,77,1449,1
t5601ee.25,,t5601ee.25,78,1450,0
t5601ee.25,,t5601ee.25,79,1451,0
t5601ee.25,,t5601ee.25,80,1452,1
t5601ee.25,,t5601ee.25,81,1453,1
t5601ee.25,,t5601ee.25,82,1454,0
t5601ee.25,,t5601ee.25,83,NaN,0
